estimation_id,region_id,simd_width,global_size,local_size,thread_count,time,speed_up,bounded_by
0,30,8,"(1024,)","(8,)",128,1.2670124345454545,5.043358183293943,"Latencies, L3_BW"
1,30,8,"(1024, 1024)","(1, 8)",131072,0.5807319436363637,11.003351202084412,L3_BW
2,30,8,"(1024,)","(16,)",128,1.2670124345454545,5.043358183293943,"Latencies, L3_BW"
3,30,8,"(1024, 1024)","(1, 16)",131072,0.5807319436363637,11.003351202084412,L3_BW
4,30,8,"(1024,)","(32,)",128,1.2670124345454545,5.043358183293943,"Latencies, L3_BW"
5,30,8,"(1024, 1024)","(1, 32)",131072,0.5807319436363637,11.003351202084412,L3_BW
6,30,8,"(1024,)","(64,)",128,1.2670124345454545,5.043358183293943,"Latencies, L3_BW"
7,30,8,"(1024, 1024)","(1, 64)",131072,0.5807319436363637,11.003351202084412,L3_BW
8,30,8,"(1024,)","(128,)",128,1.2670124345454545,5.043358183293943,"Latencies, L3_BW"
9,30,8,"(1024, 1024)","(1, 128)",131072,0.5807319436363637,11.003351202084412,L3_BW
10,30,8,"(1024,)","(256,)",128,1.2670124345454545,5.043358183293943,"Latencies, L3_BW"
11,30,8,"(1024, 1024)","(1, 256)",131072,0.5807319436363637,11.003351202084412,L3_BW
12,30,8,"(1024, 1024)","(2, 4)",131072,0.5807319436363637,11.003351202084412,L3_BW
13,30,8,"(1024, 1024)","(2, 8)",131072,0.5807319436363637,11.003351202084412,L3_BW
14,30,8,"(1024, 1024)","(2, 16)",131072,0.5807319436363637,11.003351202084412,L3_BW
15,30,8,"(1024, 1024)","(2, 32)",131072,0.5807319436363637,11.003351202084412,L3_BW
16,30,8,"(1024, 1024)","(2, 64)",131072,0.5807319436363637,11.003351202084412,L3_BW
17,30,8,"(1024, 1024)","(2, 128)",131072,0.5807319436363637,11.003351202084412,L3_BW
18,30,8,"(1024, 1024)","(4, 2)",131072,0.5807319436363637,11.003351202084412,L3_BW
19,30,8,"(1024, 1024)","(4, 4)",131072,0.5807319436363637,11.003351202084412,L3_BW
20,30,8,"(1024, 1024)","(4, 8)",131072,0.5807319436363637,11.003351202084412,L3_BW
21,30,8,"(1024, 1024)","(4, 16)",131072,0.5807319436363637,11.003351202084412,L3_BW
22,30,8,"(1024, 1024)","(4, 32)",131072,0.5807319436363637,11.003351202084412,L3_BW
23,30,8,"(1024, 1024)","(4, 64)",131072,0.5807319436363637,11.003351202084412,L3_BW
24,30,8,"(1024, 1024)","(8, 1)",131072,0.5807319436363637,11.003351202084412,L3_BW
25,30,8,"(1024, 1024)","(8, 2)",131072,0.5807319436363637,11.003351202084412,L3_BW
26,30,8,"(1024, 1024)","(8, 4)",131072,0.5807319436363637,11.003351202084412,L3_BW
27,30,8,"(1024, 1024)","(8, 8)",131072,0.5807319436363637,11.003351202084412,L3_BW
28,30,8,"(1024, 1024)","(8, 16)",131072,0.5807319436363637,11.003351202084412,L3_BW
29,30,8,"(1024, 1024)","(8, 32)",131072,0.5807319436363637,11.003351202084412,L3_BW
30,30,8,"(1024, 1024)","(16, 1)",131072,0.5807319436363637,11.003351202084412,L3_BW
31,30,8,"(1024, 1024)","(16, 2)",131072,0.5807319436363637,11.003351202084412,L3_BW
32,30,8,"(1024, 1024)","(16, 4)",131072,0.5807319436363637,11.003351202084412,L3_BW
33,30,8,"(1024, 1024)","(16, 8)",131072,0.5807319436363637,11.003351202084412,L3_BW
34,30,8,"(1024, 1024)","(16, 16)",131072,0.5807319436363637,11.003351202084412,L3_BW
35,30,8,"(1024, 1024)","(32, 1)",131072,0.5807319436363637,11.003351202084412,L3_BW
36,30,8,"(1024, 1024)","(32, 2)",131072,0.5807319436363637,11.003351202084412,L3_BW
37,30,8,"(1024, 1024)","(32, 4)",131072,0.5807319436363637,11.003351202084412,L3_BW
38,30,8,"(1024, 1024)","(32, 8)",131072,0.5807319436363637,11.003351202084412,L3_BW
39,30,8,"(1024, 1024)","(64, 1)",131072,0.5807319436363637,11.003351202084412,L3_BW
40,30,8,"(1024, 1024)","(64, 2)",131072,0.5807319436363637,11.003351202084412,L3_BW
41,30,8,"(1024, 1024)","(64, 4)",131072,0.5807319436363637,11.003351202084412,L3_BW
42,30,8,"(1024, 1024)","(128, 1)",131072,0.5807319436363637,11.003351202084412,L3_BW
43,30,8,"(1024, 1024)","(128, 2)",131072,0.5807319436363637,11.003351202084412,L3_BW
44,30,8,"(1024, 1024)","(256, 1)",131072,0.5807319436363637,11.003351202084412,L3_BW
45,30,16,"(1024,)","(8,)",128,1.2670124345454545,5.043358183293943,"Latencies, L3_BW"
46,30,16,"(1024, 1024)","(1, 8)",131072,0.5807319436363637,11.003351202084412,L3_BW
47,30,16,"(1024,)","(16,)",64,1.8063094445454544,3.5375984715110644,"Latencies, L3_BW"
48,30,16,"(1024, 1024)","(1, 16)",65536,0.52108246,12.262929614057628,L3_BW
49,30,16,"(1024,)","(32,)",64,1.8063094445454544,3.5375984715110644,"Latencies, L3_BW"
50,30,16,"(1024, 1024)","(1, 32)",65536,0.52108246,12.262929614057628,L3_BW
51,30,16,"(1024,)","(64,)",64,1.8063094445454544,3.5375984715110644,"Latencies, L3_BW"
52,30,16,"(1024, 1024)","(1, 64)",65536,0.52108246,12.262929614057628,L3_BW
53,30,16,"(1024,)","(128,)",64,1.8063094445454544,3.5375984715110644,"Latencies, L3_BW"
54,30,16,"(1024, 1024)","(1, 128)",65536,0.52108246,12.262929614057628,L3_BW
55,30,16,"(1024,)","(256,)",64,1.8063094445454544,3.5375984715110644,"Latencies, L3_BW"
56,30,16,"(1024, 1024)","(1, 256)",65536,0.52108246,12.262929614057628,L3_BW
57,30,16,"(1024, 1024)","(2, 4)",131072,0.5807319436363637,11.003351202084412,L3_BW
58,30,16,"(1024, 1024)","(2, 8)",65536,0.52108246,12.262929614057628,L3_BW
59,30,16,"(1024, 1024)","(2, 16)",65536,0.52108246,12.262929614057628,L3_BW
60,30,16,"(1024, 1024)","(2, 32)",65536,0.52108246,12.262929614057628,L3_BW
61,30,16,"(1024, 1024)","(2, 64)",65536,0.52108246,12.262929614057628,L3_BW
62,30,16,"(1024, 1024)","(2, 128)",65536,0.52108246,12.262929614057628,L3_BW
63,30,16,"(1024, 1024)","(4, 2)",131072,0.5807319436363637,11.003351202084412,L3_BW
64,30,16,"(1024, 1024)","(4, 4)",65536,0.52108246,12.262929614057628,L3_BW
65,30,16,"(1024, 1024)","(4, 8)",65536,0.52108246,12.262929614057628,L3_BW
66,30,16,"(1024, 1024)","(4, 16)",65536,0.52108246,12.262929614057628,L3_BW
67,30,16,"(1024, 1024)","(4, 32)",65536,0.52108246,12.262929614057628,L3_BW
68,30,16,"(1024, 1024)","(4, 64)",65536,0.52108246,12.262929614057628,L3_BW
69,30,16,"(1024, 1024)","(8, 1)",131072,0.5807319436363637,11.003351202084412,L3_BW
70,30,16,"(1024, 1024)","(8, 2)",65536,0.52108246,12.262929614057628,L3_BW
71,30,16,"(1024, 1024)","(8, 4)",65536,0.52108246,12.262929614057628,L3_BW
72,30,16,"(1024, 1024)","(8, 8)",65536,0.52108246,12.262929614057628,L3_BW
73,30,16,"(1024, 1024)","(8, 16)",65536,0.52108246,12.262929614057628,L3_BW
74,30,16,"(1024, 1024)","(8, 32)",65536,0.52108246,12.262929614057628,L3_BW
75,30,16,"(1024, 1024)","(16, 1)",65536,0.52108246,12.262929614057628,L3_BW
76,30,16,"(1024, 1024)","(16, 2)",65536,0.52108246,12.262929614057628,L3_BW
77,30,16,"(1024, 1024)","(16, 4)",65536,0.52108246,12.262929614057628,L3_BW
78,30,16,"(1024, 1024)","(16, 8)",65536,0.52108246,12.262929614057628,L3_BW
79,30,16,"(1024, 1024)","(16, 16)",65536,0.52108246,12.262929614057628,L3_BW
80,30,16,"(1024, 1024)","(32, 1)",65536,0.52108246,12.262929614057628,L3_BW
81,30,16,"(1024, 1024)","(32, 2)",65536,0.52108246,12.262929614057628,L3_BW
82,30,16,"(1024, 1024)","(32, 4)",65536,0.52108246,12.262929614057628,L3_BW
83,30,16,"(1024, 1024)","(32, 8)",65536,0.52108246,12.262929614057628,L3_BW
84,30,16,"(1024, 1024)","(64, 1)",65536,0.52108246,12.262929614057628,L3_BW
85,30,16,"(1024, 1024)","(64, 2)",65536,0.52108246,12.262929614057628,L3_BW
86,30,16,"(1024, 1024)","(64, 4)",65536,0.52108246,12.262929614057628,L3_BW
87,30,16,"(1024, 1024)","(128, 1)",65536,0.52108246,12.262929614057628,L3_BW
88,30,16,"(1024, 1024)","(128, 2)",65536,0.52108246,12.262929614057628,L3_BW
89,30,16,"(1024, 1024)","(256, 1)",65536,0.52108246,12.262929614057628,L3_BW
90,30,32,"(1024,)","(8,)",128,1.457073911818182,4.385499924383632,"Latencies, Compute"
91,30,32,"(1024, 1024)","(1, 8)",131072,0.7715270136363637,8.282273228493507,Compute
92,30,32,"(1024,)","(16,)",64,1.8063094445454544,3.5375984715110644,"Latencies, L3_BW"
93,30,32,"(1024, 1024)","(1, 16)",65536,0.52108246,12.262929614057628,L3_BW
94,30,32,"(1024,)","(32,)",32,1.8063094445454544,3.5375984715110644,"Latencies, L3_BW"
95,30,32,"(1024, 1024)","(1, 32)",32768,0.4141021618181818,15.430968778437892,L3_BW
96,30,32,"(1024,)","(64,)",32,1.8063094445454544,3.5375984715110644,"Latencies, L3_BW"
97,30,32,"(1024, 1024)","(1, 64)",32768,0.4141021618181818,15.430968778437892,L3_BW
98,30,32,"(1024,)","(128,)",32,1.8063094445454544,3.5375984715110644,"Latencies, L3_BW"
99,30,32,"(1024, 1024)","(1, 128)",32768,0.4141021618181818,15.430968778437892,L3_BW
100,30,32,"(1024,)","(256,)",32,1.8063094445454544,3.5375984715110644,"Latencies, L3_BW"
101,30,32,"(1024, 1024)","(1, 256)",32768,0.4141021618181818,15.430968778437892,L3_BW
102,30,32,"(1024, 1024)","(2, 4)",131072,0.7715270136363637,8.282273228493507,Compute
103,30,32,"(1024, 1024)","(2, 8)",65536,0.52108246,12.262929614057628,L3_BW
104,30,32,"(1024, 1024)","(2, 16)",32768,0.4141021618181818,15.430968778437892,L3_BW
105,30,32,"(1024, 1024)","(2, 32)",32768,0.4141021618181818,15.430968778437892,L3_BW
106,30,32,"(1024, 1024)","(2, 64)",32768,0.4141021618181818,15.430968778437892,L3_BW
107,30,32,"(1024, 1024)","(2, 128)",32768,0.4141021618181818,15.430968778437892,L3_BW
108,30,32,"(1024, 1024)","(4, 2)",131072,0.7715270136363637,8.282273228493507,Compute
109,30,32,"(1024, 1024)","(4, 4)",65536,0.52108246,12.262929614057628,L3_BW
110,30,32,"(1024, 1024)","(4, 8)",32768,0.4141021618181818,15.430968778437892,L3_BW
111,30,32,"(1024, 1024)","(4, 16)",32768,0.4141021618181818,15.430968778437892,L3_BW
112,30,32,"(1024, 1024)","(4, 32)",32768,0.4141021618181818,15.430968778437892,L3_BW
113,30,32,"(1024, 1024)","(4, 64)",32768,0.4141021618181818,15.430968778437892,L3_BW
114,30,32,"(1024, 1024)","(8, 1)",131072,0.7715270136363637,8.282273228493507,Compute
115,30,32,"(1024, 1024)","(8, 2)",65536,0.52108246,12.262929614057628,L3_BW
116,30,32,"(1024, 1024)","(8, 4)",32768,0.4141021618181818,15.430968778437892,L3_BW
117,30,32,"(1024, 1024)","(8, 8)",32768,0.4141021618181818,15.430968778437892,L3_BW
118,30,32,"(1024, 1024)","(8, 16)",32768,0.4141021618181818,15.430968778437892,L3_BW
119,30,32,"(1024, 1024)","(8, 32)",32768,0.4141021618181818,15.430968778437892,L3_BW
120,30,32,"(1024, 1024)","(16, 1)",65536,0.52108246,12.262929614057628,L3_BW
121,30,32,"(1024, 1024)","(16, 2)",32768,0.4141021618181818,15.430968778437892,L3_BW
122,30,32,"(1024, 1024)","(16, 4)",32768,0.4141021618181818,15.430968778437892,L3_BW
123,30,32,"(1024, 1024)","(16, 8)",32768,0.4141021618181818,15.430968778437892,L3_BW
124,30,32,"(1024, 1024)","(16, 16)",32768,0.4141021618181818,15.430968778437892,L3_BW
125,30,32,"(1024, 1024)","(32, 1)",32768,0.4141021618181818,15.430968778437892,L3_BW
126,30,32,"(1024, 1024)","(32, 2)",32768,0.4141021618181818,15.430968778437892,L3_BW
127,30,32,"(1024, 1024)","(32, 4)",32768,0.4141021618181818,15.430968778437892,L3_BW
128,30,32,"(1024, 1024)","(32, 8)",32768,0.4141021618181818,15.430968778437892,L3_BW
129,30,32,"(1024, 1024)","(64, 1)",32768,0.4141021618181818,15.430968778437892,L3_BW
130,30,32,"(1024, 1024)","(64, 2)",32768,0.4141021618181818,15.430968778437892,L3_BW
131,30,32,"(1024, 1024)","(64, 4)",32768,0.4141021618181818,15.430968778437892,L3_BW
132,30,32,"(1024, 1024)","(128, 1)",32768,0.4141021618181818,15.430968778437892,L3_BW
133,30,32,"(1024, 1024)","(128, 2)",32768,0.4141021618181818,15.430968778437892,L3_BW
134,30,32,"(1024, 1024)","(256, 1)",32768,0.4141021618181818,15.430968778437892,L3_BW
135,30,8,"(1024,)","(8,)",128,1.2670124345454545,5.043358183293943,"Latencies, L3_BW"
136,30,8,"(1024, 1024)","(1, 8)",131072,0.5807319436363637,11.003351202084412,L3_BW
137,30,8,"(1024,)","(16,)",128,1.2670124345454545,5.043358183293943,"Latencies, L3_BW"
138,30,8,"(1024, 1024)","(1, 16)",131072,0.5807319436363637,11.003351202084412,L3_BW
139,30,8,"(1024,)","(32,)",128,1.2670124345454545,5.043358183293943,"Latencies, L3_BW"
140,30,8,"(1024, 1024)","(1, 32)",131072,0.5807319436363637,11.003351202084412,L3_BW
141,30,8,"(1024,)","(64,)",128,1.2670124345454545,5.043358183293943,"Latencies, L3_BW"
142,30,8,"(1024, 1024)","(1, 64)",131072,0.5807319436363637,11.003351202084412,L3_BW
143,30,8,"(1024,)","(128,)",128,1.2670124345454545,5.043358183293943,"Latencies, L3_BW"
144,30,8,"(1024, 1024)","(1, 128)",131072,0.5807319436363637,11.003351202084412,L3_BW
145,30,8,"(1024,)","(256,)",128,1.2670124345454545,5.043358183293943,"Latencies, L3_BW"
146,30,8,"(1024, 1024)","(1, 256)",131072,0.5807319436363637,11.003351202084412,L3_BW
147,30,8,"(1024, 1024)","(2, 4)",131072,0.5807319436363637,11.003351202084412,L3_BW
148,30,8,"(1024, 1024)","(2, 8)",131072,0.5807319436363637,11.003351202084412,L3_BW
149,30,8,"(1024, 1024)","(2, 16)",131072,0.5807319436363637,11.003351202084412,L3_BW
150,30,8,"(1024, 1024)","(2, 32)",131072,0.5807319436363637,11.003351202084412,L3_BW
151,30,8,"(1024, 1024)","(2, 64)",131072,0.5807319436363637,11.003351202084412,L3_BW
152,30,8,"(1024, 1024)","(2, 128)",131072,0.5807319436363637,11.003351202084412,L3_BW
153,30,8,"(1024, 1024)","(4, 2)",131072,0.5807319436363637,11.003351202084412,L3_BW
154,30,8,"(1024, 1024)","(4, 4)",131072,0.5807319436363637,11.003351202084412,L3_BW
155,30,8,"(1024, 1024)","(4, 8)",131072,0.5807319436363637,11.003351202084412,L3_BW
156,30,8,"(1024, 1024)","(4, 16)",131072,0.5807319436363637,11.003351202084412,L3_BW
157,30,8,"(1024, 1024)","(4, 32)",131072,0.5807319436363637,11.003351202084412,L3_BW
158,30,8,"(1024, 1024)","(4, 64)",131072,0.5807319436363637,11.003351202084412,L3_BW
159,30,8,"(1024, 1024)","(8, 1)",131072,0.5807319436363637,11.003351202084412,L3_BW
160,30,8,"(1024, 1024)","(8, 2)",131072,0.5807319436363637,11.003351202084412,L3_BW
161,30,8,"(1024, 1024)","(8, 4)",131072,0.5807319436363637,11.003351202084412,L3_BW
162,30,8,"(1024, 1024)","(8, 8)",131072,0.5807319436363637,11.003351202084412,L3_BW
163,30,8,"(1024, 1024)","(8, 16)",131072,0.5807319436363637,11.003351202084412,L3_BW
164,30,8,"(1024, 1024)","(8, 32)",131072,0.5807319436363637,11.003351202084412,L3_BW
165,30,8,"(1024, 1024)","(16, 1)",131072,0.5807319436363637,11.003351202084412,L3_BW
166,30,8,"(1024, 1024)","(16, 2)",131072,0.5807319436363637,11.003351202084412,L3_BW
167,30,8,"(1024, 1024)","(16, 4)",131072,0.5807319436363637,11.003351202084412,L3_BW
168,30,8,"(1024, 1024)","(16, 8)",131072,0.5807319436363637,11.003351202084412,L3_BW
169,30,8,"(1024, 1024)","(16, 16)",131072,0.5807319436363637,11.003351202084412,L3_BW
170,30,8,"(1024, 1024)","(32, 1)",131072,0.5807319436363637,11.003351202084412,L3_BW
171,30,8,"(1024, 1024)","(32, 2)",131072,0.5807319436363637,11.003351202084412,L3_BW
172,30,8,"(1024, 1024)","(32, 4)",131072,0.5807319436363637,11.003351202084412,L3_BW
173,30,8,"(1024, 1024)","(32, 8)",131072,0.5807319436363637,11.003351202084412,L3_BW
174,30,8,"(1024, 1024)","(64, 1)",131072,0.5807319436363637,11.003351202084412,L3_BW
175,30,8,"(1024, 1024)","(64, 2)",131072,0.5807319436363637,11.003351202084412,L3_BW
176,30,8,"(1024, 1024)","(64, 4)",131072,0.5807319436363637,11.003351202084412,L3_BW
177,30,8,"(1024, 1024)","(128, 1)",131072,0.5807319436363637,11.003351202084412,L3_BW
178,30,8,"(1024, 1024)","(128, 2)",131072,0.5807319436363637,11.003351202084412,L3_BW
179,30,8,"(1024, 1024)","(256, 1)",131072,0.5807319436363637,11.003351202084412,L3_BW
180,30,16,"(1024,)","(8,)",128,1.2670124345454545,5.043358183293943,"Latencies, L3_BW"
181,30,16,"(1024, 1024)","(1, 8)",131072,0.5807319436363637,11.003351202084412,L3_BW
182,30,16,"(1024,)","(16,)",64,1.8063094445454544,3.5375984715110644,"Latencies, L3_BW"
183,30,16,"(1024, 1024)","(1, 16)",65536,0.52108246,12.262929614057628,L3_BW
184,30,16,"(1024,)","(32,)",64,1.8063094445454544,3.5375984715110644,"Latencies, L3_BW"
185,30,16,"(1024, 1024)","(1, 32)",65536,0.52108246,12.262929614057628,L3_BW
186,30,16,"(1024,)","(64,)",64,1.8063094445454544,3.5375984715110644,"Latencies, L3_BW"
187,30,16,"(1024, 1024)","(1, 64)",65536,0.52108246,12.262929614057628,L3_BW
188,30,16,"(1024,)","(128,)",64,1.8063094445454544,3.5375984715110644,"Latencies, L3_BW"
189,30,16,"(1024, 1024)","(1, 128)",65536,0.52108246,12.262929614057628,L3_BW
190,30,16,"(1024,)","(256,)",64,1.8063094445454544,3.5375984715110644,"Latencies, L3_BW"
191,30,16,"(1024, 1024)","(1, 256)",65536,0.52108246,12.262929614057628,L3_BW
192,30,16,"(1024, 1024)","(2, 4)",131072,0.5807319436363637,11.003351202084412,L3_BW
193,30,16,"(1024, 1024)","(2, 8)",65536,0.52108246,12.262929614057628,L3_BW
194,30,16,"(1024, 1024)","(2, 16)",65536,0.52108246,12.262929614057628,L3_BW
195,30,16,"(1024, 1024)","(2, 32)",65536,0.52108246,12.262929614057628,L3_BW
196,30,16,"(1024, 1024)","(2, 64)",65536,0.52108246,12.262929614057628,L3_BW
197,30,16,"(1024, 1024)","(2, 128)",65536,0.52108246,12.262929614057628,L3_BW
198,30,16,"(1024, 1024)","(4, 2)",131072,0.5807319436363637,11.003351202084412,L3_BW
199,30,16,"(1024, 1024)","(4, 4)",65536,0.52108246,12.262929614057628,L3_BW
200,30,16,"(1024, 1024)","(4, 8)",65536,0.52108246,12.262929614057628,L3_BW
201,30,16,"(1024, 1024)","(4, 16)",65536,0.52108246,12.262929614057628,L3_BW
202,30,16,"(1024, 1024)","(4, 32)",65536,0.52108246,12.262929614057628,L3_BW
203,30,16,"(1024, 1024)","(4, 64)",65536,0.52108246,12.262929614057628,L3_BW
204,30,16,"(1024, 1024)","(8, 1)",131072,0.5807319436363637,11.003351202084412,L3_BW
205,30,16,"(1024, 1024)","(8, 2)",65536,0.52108246,12.262929614057628,L3_BW
206,30,16,"(1024, 1024)","(8, 4)",65536,0.52108246,12.262929614057628,L3_BW
207,30,16,"(1024, 1024)","(8, 8)",65536,0.52108246,12.262929614057628,L3_BW
208,30,16,"(1024, 1024)","(8, 16)",65536,0.52108246,12.262929614057628,L3_BW
209,30,16,"(1024, 1024)","(8, 32)",65536,0.52108246,12.262929614057628,L3_BW
210,30,16,"(1024, 1024)","(16, 1)",65536,0.52108246,12.262929614057628,L3_BW
211,30,16,"(1024, 1024)","(16, 2)",65536,0.52108246,12.262929614057628,L3_BW
212,30,16,"(1024, 1024)","(16, 4)",65536,0.52108246,12.262929614057628,L3_BW
213,30,16,"(1024, 1024)","(16, 8)",65536,0.52108246,12.262929614057628,L3_BW
214,30,16,"(1024, 1024)","(16, 16)",65536,0.52108246,12.262929614057628,L3_BW
215,30,16,"(1024, 1024)","(32, 1)",65536,0.52108246,12.262929614057628,L3_BW
216,30,16,"(1024, 1024)","(32, 2)",65536,0.52108246,12.262929614057628,L3_BW
217,30,16,"(1024, 1024)","(32, 4)",65536,0.52108246,12.262929614057628,L3_BW
218,30,16,"(1024, 1024)","(32, 8)",65536,0.52108246,12.262929614057628,L3_BW
219,30,16,"(1024, 1024)","(64, 1)",65536,0.52108246,12.262929614057628,L3_BW
220,30,16,"(1024, 1024)","(64, 2)",65536,0.52108246,12.262929614057628,L3_BW
221,30,16,"(1024, 1024)","(64, 4)",65536,0.52108246,12.262929614057628,L3_BW
222,30,16,"(1024, 1024)","(128, 1)",65536,0.52108246,12.262929614057628,L3_BW
223,30,16,"(1024, 1024)","(128, 2)",65536,0.52108246,12.262929614057628,L3_BW
224,30,16,"(1024, 1024)","(256, 1)",65536,0.52108246,12.262929614057628,L3_BW
225,30,32,"(1024,)","(8,)",128,1.457073911818182,4.385499924383632,"Latencies, Compute"
226,30,32,"(1024, 1024)","(1, 8)",131072,0.7715270136363637,8.282273228493507,Compute
227,30,32,"(1024,)","(16,)",64,1.8063094445454544,3.5375984715110644,"Latencies, L3_BW"
228,30,32,"(1024, 1024)","(1, 16)",65536,0.52108246,12.262929614057628,L3_BW
229,30,32,"(1024,)","(32,)",32,1.8063094445454544,3.5375984715110644,"Latencies, L3_BW"
230,30,32,"(1024, 1024)","(1, 32)",32768,0.4141021618181818,15.430968778437892,L3_BW
231,30,32,"(1024,)","(64,)",32,1.8063094445454544,3.5375984715110644,"Latencies, L3_BW"
232,30,32,"(1024, 1024)","(1, 64)",32768,0.4141021618181818,15.430968778437892,L3_BW
233,30,32,"(1024,)","(128,)",32,1.8063094445454544,3.5375984715110644,"Latencies, L3_BW"
234,30,32,"(1024, 1024)","(1, 128)",32768,0.4141021618181818,15.430968778437892,L3_BW
235,30,32,"(1024,)","(256,)",32,1.8063094445454544,3.5375984715110644,"Latencies, L3_BW"
236,30,32,"(1024, 1024)","(1, 256)",32768,0.4141021618181818,15.430968778437892,L3_BW
237,30,32,"(1024, 1024)","(2, 4)",131072,0.7715270136363637,8.282273228493507,Compute
238,30,32,"(1024, 1024)","(2, 8)",65536,0.52108246,12.262929614057628,L3_BW
239,30,32,"(1024, 1024)","(2, 16)",32768,0.4141021618181818,15.430968778437892,L3_BW
240,30,32,"(1024, 1024)","(2, 32)",32768,0.4141021618181818,15.430968778437892,L3_BW
241,30,32,"(1024, 1024)","(2, 64)",32768,0.4141021618181818,15.430968778437892,L3_BW
242,30,32,"(1024, 1024)","(2, 128)",32768,0.4141021618181818,15.430968778437892,L3_BW
243,30,32,"(1024, 1024)","(4, 2)",131072,0.7715270136363637,8.282273228493507,Compute
244,30,32,"(1024, 1024)","(4, 4)",65536,0.52108246,12.262929614057628,L3_BW
245,30,32,"(1024, 1024)","(4, 8)",32768,0.4141021618181818,15.430968778437892,L3_BW
246,30,32,"(1024, 1024)","(4, 16)",32768,0.4141021618181818,15.430968778437892,L3_BW
247,30,32,"(1024, 1024)","(4, 32)",32768,0.4141021618181818,15.430968778437892,L3_BW
248,30,32,"(1024, 1024)","(4, 64)",32768,0.4141021618181818,15.430968778437892,L3_BW
249,30,32,"(1024, 1024)","(8, 1)",131072,0.7715270136363637,8.282273228493507,Compute
250,30,32,"(1024, 1024)","(8, 2)",65536,0.52108246,12.262929614057628,L3_BW
251,30,32,"(1024, 1024)","(8, 4)",32768,0.4141021618181818,15.430968778437892,L3_BW
252,30,32,"(1024, 1024)","(8, 8)",32768,0.4141021618181818,15.430968778437892,L3_BW
253,30,32,"(1024, 1024)","(8, 16)",32768,0.4141021618181818,15.430968778437892,L3_BW
254,30,32,"(1024, 1024)","(8, 32)",32768,0.4141021618181818,15.430968778437892,L3_BW
255,30,32,"(1024, 1024)","(16, 1)",65536,0.52108246,12.262929614057628,L3_BW
256,30,32,"(1024, 1024)","(16, 2)",32768,0.4141021618181818,15.430968778437892,L3_BW
257,30,32,"(1024, 1024)","(16, 4)",32768,0.4141021618181818,15.430968778437892,L3_BW
258,30,32,"(1024, 1024)","(16, 8)",32768,0.4141021618181818,15.430968778437892,L3_BW
259,30,32,"(1024, 1024)","(16, 16)",32768,0.4141021618181818,15.430968778437892,L3_BW
260,30,32,"(1024, 1024)","(32, 1)",32768,0.4141021618181818,15.430968778437892,L3_BW
261,30,32,"(1024, 1024)","(32, 2)",32768,0.4141021618181818,15.430968778437892,L3_BW
262,30,32,"(1024, 1024)","(32, 4)",32768,0.4141021618181818,15.430968778437892,L3_BW
263,30,32,"(1024, 1024)","(32, 8)",32768,0.4141021618181818,15.430968778437892,L3_BW
264,30,32,"(1024, 1024)","(64, 1)",32768,0.4141021618181818,15.430968778437892,L3_BW
265,30,32,"(1024, 1024)","(64, 2)",32768,0.4141021618181818,15.430968778437892,L3_BW
266,30,32,"(1024, 1024)","(64, 4)",32768,0.4141021618181818,15.430968778437892,L3_BW
267,30,32,"(1024, 1024)","(128, 1)",32768,0.4141021618181818,15.430968778437892,L3_BW
268,30,32,"(1024, 1024)","(128, 2)",32768,0.4141021618181818,15.430968778437892,L3_BW
269,30,32,"(1024, 1024)","(256, 1)",32768,0.4141021618181818,15.430968778437892,L3_BW
270,20,8,"(1024,)","(8,)",128,1.2722842772727272,5.022460502143137,"Latencies, L3_BW"
271,20,8,"(1024, 1025)","(1, 8)",132096,0.5857332372727273,10.909398892664697,L3_BW
272,20,8,"(1024,)","(16,)",128,1.2722842772727272,5.022460502143137,"Latencies, L3_BW"
273,20,8,"(1024, 1025)","(1, 16)",132096,0.5857332372727273,10.909398892664697,L3_BW
274,20,8,"(1024,)","(32,)",128,1.2722842772727272,5.022460502143137,"Latencies, L3_BW"
275,20,8,"(1024, 1025)","(1, 32)",132096,0.5857332372727273,10.909398892664697,L3_BW
276,20,8,"(1024,)","(64,)",128,1.2722842772727272,5.022460502143137,"Latencies, L3_BW"
277,20,8,"(1024, 1025)","(1, 64)",132096,0.5857332372727273,10.909398892664697,L3_BW
278,20,8,"(1024,)","(128,)",128,1.2722842772727272,5.022460502143137,"Latencies, L3_BW"
279,20,8,"(1024, 1025)","(1, 128)",132096,0.5857332372727273,10.909398892664697,L3_BW
280,20,8,"(1024,)","(256,)",128,1.2722842772727272,5.022460502143137,"Latencies, L3_BW"
281,20,8,"(1024, 1025)","(1, 256)",132096,0.5857332372727273,10.909398892664697,L3_BW
282,20,8,"(1024, 1025)","(2, 4)",131584,0.5859408300000001,10.905533806374269,L3_BW
283,20,8,"(1024, 1025)","(2, 8)",131584,0.5859408300000001,10.905533806374269,L3_BW
284,20,8,"(1024, 1025)","(2, 16)",131584,0.5859408300000001,10.905533806374269,L3_BW
285,20,8,"(1024, 1025)","(2, 32)",131584,0.5859408300000001,10.905533806374269,L3_BW
286,20,8,"(1024, 1025)","(2, 64)",131584,0.5859408300000001,10.905533806374269,L3_BW
287,20,8,"(1024, 1025)","(2, 128)",131584,0.5859408300000001,10.905533806374269,L3_BW
288,20,8,"(1024, 1025)","(4, 2)",131328,0.5863737027272727,10.897483124464127,L3_BW
289,20,8,"(1024, 1025)","(4, 4)",131328,0.5863737027272727,10.897483124464127,L3_BW
290,20,8,"(1024, 1025)","(4, 8)",131328,0.5863737027272727,10.897483124464127,L3_BW
291,20,8,"(1024, 1025)","(4, 16)",131328,0.5863737027272727,10.897483124464127,L3_BW
292,20,8,"(1024, 1025)","(4, 32)",131328,0.5863737027272727,10.897483124464127,L3_BW
293,20,8,"(1024, 1025)","(4, 64)",131328,0.5863737027272727,10.897483124464127,L3_BW
294,20,8,"(1024, 1025)","(8, 1)",131200,0.5857332372727273,10.909398892664697,L3_BW
295,20,8,"(1024, 1025)","(8, 2)",131200,0.5857332372727273,10.909398892664697,L3_BW
296,20,8,"(1024, 1025)","(8, 4)",131200,0.5857332372727273,10.909398892664697,L3_BW
297,20,8,"(1024, 1025)","(8, 8)",131200,0.5857332372727273,10.909398892664697,L3_BW
298,20,8,"(1024, 1025)","(8, 16)",131200,0.5857332372727273,10.909398892664697,L3_BW
299,20,8,"(1024, 1025)","(8, 32)",131200,0.5857332372727273,10.909398892664697,L3_BW
300,20,8,"(1024, 1025)","(16, 1)",131200,0.5857332372727273,10.909398892664697,L3_BW
301,20,8,"(1024, 1025)","(16, 2)",131200,0.5857332372727273,10.909398892664697,L3_BW
302,20,8,"(1024, 1025)","(16, 4)",131200,0.5857332372727273,10.909398892664697,L3_BW
303,20,8,"(1024, 1025)","(16, 8)",131200,0.5857332372727273,10.909398892664697,L3_BW
304,20,8,"(1024, 1025)","(16, 16)",131200,0.5857332372727273,10.909398892664697,L3_BW
305,20,8,"(1024, 1025)","(32, 1)",131200,0.5857332372727273,10.909398892664697,L3_BW
306,20,8,"(1024, 1025)","(32, 2)",131200,0.5857332372727273,10.909398892664697,L3_BW
307,20,8,"(1024, 1025)","(32, 4)",131200,0.5857332372727273,10.909398892664697,L3_BW
308,20,8,"(1024, 1025)","(32, 8)",131200,0.5857332372727273,10.909398892664697,L3_BW
309,20,8,"(1024, 1025)","(64, 1)",131200,0.5857332372727273,10.909398892664697,L3_BW
310,20,8,"(1024, 1025)","(64, 2)",131200,0.5857332372727273,10.909398892664697,L3_BW
311,20,8,"(1024, 1025)","(64, 4)",131200,0.5857332372727273,10.909398892664697,L3_BW
312,20,8,"(1024, 1025)","(128, 1)",131200,0.5857332372727273,10.909398892664697,L3_BW
313,20,8,"(1024, 1025)","(128, 2)",131200,0.5857332372727273,10.909398892664697,L3_BW
314,20,8,"(1024, 1025)","(256, 1)",131200,0.5868270554545455,10.88906428342917,L3_BW
315,20,16,"(1024,)","(8,)",128,1.2722842772727272,5.022460502143137,"Latencies, L3_BW"
316,20,16,"(1024, 1025)","(1, 8)",132096,0.5857332372727273,10.909398892664697,L3_BW
317,20,16,"(1024,)","(16,)",64,1.8116967572727272,3.527078968623483,"Latencies, L3_BW"
318,20,16,"(1024, 1025)","(1, 16)",66560,0.5258981245454546,12.150637608040562,L3_BW
319,20,16,"(1024,)","(32,)",64,1.8116967572727272,3.527078968623483,"Latencies, L3_BW"
320,20,16,"(1024, 1025)","(1, 32)",66560,0.5258981245454546,12.150637608040562,L3_BW
321,20,16,"(1024,)","(64,)",64,1.8116967572727272,3.527078968623483,"Latencies, L3_BW"
322,20,16,"(1024, 1025)","(1, 64)",66560,0.5258981245454546,12.150637608040562,L3_BW
323,20,16,"(1024,)","(128,)",64,1.8116967572727272,3.527078968623483,"Latencies, L3_BW"
324,20,16,"(1024, 1025)","(1, 128)",66560,0.5258981245454546,12.150637608040562,L3_BW
325,20,16,"(1024,)","(256,)",64,1.8116967572727272,3.527078968623483,"Latencies, L3_BW"
326,20,16,"(1024, 1025)","(1, 256)",66560,0.5258981245454546,12.150637608040562,L3_BW
327,20,16,"(1024, 1025)","(2, 4)",131584,0.5859408300000001,10.905533806374269,L3_BW
328,20,16,"(1024, 1025)","(2, 8)",66048,0.5260712736363636,12.146638393559119,L3_BW
329,20,16,"(1024, 1025)","(2, 16)",66048,0.5260712736363636,12.146638393559119,L3_BW
330,20,16,"(1024, 1025)","(2, 32)",66048,0.5260712736363636,12.146638393559119,L3_BW
331,20,16,"(1024, 1025)","(2, 64)",66048,0.5260712736363636,12.146638393559119,L3_BW
332,20,16,"(1024, 1025)","(2, 128)",66048,0.5260712736363636,12.146638393559119,L3_BW
333,20,16,"(1024, 1025)","(4, 2)",131328,0.5863737027272727,10.897483124464127,L3_BW
334,20,16,"(1024, 1025)","(4, 4)",65792,0.5255518263636364,12.158643942526563,L3_BW
335,20,16,"(1024, 1025)","(4, 8)",65792,0.5255518263636364,12.158643942526563,L3_BW
336,20,16,"(1024, 1025)","(4, 16)",65792,0.5255518263636364,12.158643942526563,L3_BW
337,20,16,"(1024, 1025)","(4, 32)",65792,0.5255518263636364,12.158643942526563,L3_BW
338,20,16,"(1024, 1025)","(4, 64)",65792,0.5255518263636364,12.158643942526563,L3_BW
339,20,16,"(1024, 1025)","(8, 1)",131200,0.5857332372727273,10.909398892664697,L3_BW
340,20,16,"(1024, 1025)","(8, 2)",65664,0.5258981245454546,12.150637608040562,L3_BW
341,20,16,"(1024, 1025)","(8, 4)",65664,0.5258981245454546,12.150637608040562,L3_BW
342,20,16,"(1024, 1025)","(8, 8)",65664,0.5258981245454546,12.150637608040562,L3_BW
343,20,16,"(1024, 1025)","(8, 16)",65664,0.5258981245454546,12.150637608040562,L3_BW
344,20,16,"(1024, 1025)","(8, 32)",65664,0.5258981245454546,12.150637608040562,L3_BW
345,20,16,"(1024, 1025)","(16, 1)",65600,0.5260712736363636,12.146638393559119,L3_BW
346,20,16,"(1024, 1025)","(16, 2)",65600,0.5260712736363636,12.146638393559119,L3_BW
347,20,16,"(1024, 1025)","(16, 4)",65600,0.5260712736363636,12.146638393559119,L3_BW
348,20,16,"(1024, 1025)","(16, 8)",65600,0.5260712736363636,12.146638393559119,L3_BW
349,20,16,"(1024, 1025)","(16, 16)",65600,0.5260712736363636,12.146638393559119,L3_BW
350,20,16,"(1024, 1025)","(32, 1)",65600,0.5260712736363636,12.146638393559119,L3_BW
351,20,16,"(1024, 1025)","(32, 2)",65600,0.5260712736363636,12.146638393559119,L3_BW
352,20,16,"(1024, 1025)","(32, 4)",65600,0.5260712736363636,12.146638393559119,L3_BW
353,20,16,"(1024, 1025)","(32, 8)",65600,0.5260712736363636,12.146638393559119,L3_BW
354,20,16,"(1024, 1025)","(64, 1)",65600,0.5260712736363636,12.146638393559119,L3_BW
355,20,16,"(1024, 1025)","(64, 2)",65600,0.5260712736363636,12.146638393559119,L3_BW
356,20,16,"(1024, 1025)","(64, 4)",65600,0.5260712736363636,12.146638393559119,L3_BW
357,20,16,"(1024, 1025)","(128, 1)",65600,0.5260712736363636,12.146638393559119,L3_BW
358,20,16,"(1024, 1025)","(128, 2)",65600,0.5260712736363636,12.146638393559119,L3_BW
359,20,16,"(1024, 1025)","(256, 1)",65600,0.5260712736363636,12.146638393559119,L3_BW
360,20,32,"(1024,)","(8,)",128,1.4623457472727273,4.369689960132435,"Latencies, Compute"
361,20,32,"(1024, 1025)","(1, 8)",132096,0.8024672961862528,7.962938253644271,Compute
362,20,32,"(1024,)","(16,)",64,1.8116967572727272,3.527078968623483,"Latencies, L3_BW"
363,20,32,"(1024, 1025)","(1, 16)",66560,0.5258981245454546,12.150637608040562,L3_BW
364,20,32,"(1024,)","(32,)",32,1.8116967572727272,3.527078968623483,"Latencies, L3_BW"
365,20,32,"(1024, 1025)","(1, 32)",33792,0.41906513545454543,15.248220358796946,L3_BW
366,20,32,"(1024,)","(64,)",32,1.8116967572727272,3.527078968623483,"Latencies, L3_BW"
367,20,32,"(1024, 1025)","(1, 64)",33792,0.41906513545454543,15.248220358796946,L3_BW
368,20,32,"(1024,)","(128,)",32,1.8116967572727272,3.527078968623483,"Latencies, L3_BW"
369,20,32,"(1024, 1025)","(1, 128)",33792,0.41906513545454543,15.248220358796946,L3_BW
370,20,32,"(1024,)","(256,)",32,1.8116967572727272,3.527078968623483,"Latencies, L3_BW"
371,20,32,"(1024, 1025)","(1, 256)",33792,0.41906513545454543,15.248220358796946,L3_BW
372,20,32,"(1024, 1025)","(2, 4)",131584,0.8009040909356985,7.978480322949216,Compute
373,20,32,"(1024, 1025)","(2, 8)",66048,0.5260712736363636,12.146638393559119,L3_BW
374,20,32,"(1024, 1025)","(2, 16)",33280,0.4192382845454546,15.241922709964681,L3_BW
375,20,32,"(1024, 1025)","(2, 32)",33280,0.4192382845454546,15.241922709964681,L3_BW
376,20,32,"(1024, 1025)","(2, 64)",33280,0.4192382845454546,15.241922709964681,L3_BW
377,20,32,"(1024, 1025)","(2, 128)",33280,0.4192382845454546,15.241922709964681,L3_BW
378,20,32,"(1024, 1025)","(4, 2)",131328,0.8013369636629712,7.974170442470097,Compute
379,20,32,"(1024, 1025)","(4, 4)",65792,0.5255518263636364,12.158643942526563,L3_BW
380,20,32,"(1024, 1025)","(4, 8)",33024,0.4185252081818182,15.267891647100068,L3_BW
381,20,32,"(1024, 1025)","(4, 16)",33024,0.4185252081818182,15.267891647100068,L3_BW
382,20,32,"(1024, 1025)","(4, 32)",33024,0.4185252081818182,15.267891647100068,L3_BW
383,20,32,"(1024, 1025)","(4, 64)",33024,0.4185252081818182,15.267891647100068,L3_BW
384,20,32,"(1024, 1025)","(8, 1)",131200,0.7989257002305986,7.998237543560831,Compute
385,20,32,"(1024, 1025)","(8, 2)",65664,0.5258981245454546,12.150637608040562,L3_BW
386,20,32,"(1024, 1025)","(8, 4)",32896,0.41906513545454543,15.248220358796946,L3_BW
387,20,32,"(1024, 1025)","(8, 8)",32896,0.41906513545454543,15.248220358796946,L3_BW
388,20,32,"(1024, 1025)","(8, 16)",32896,0.41906513545454543,15.248220358796946,L3_BW
389,20,32,"(1024, 1025)","(8, 32)",32896,0.41906513545454543,15.248220358796946,L3_BW
390,20,32,"(1024, 1025)","(16, 1)",65600,0.5260712736363636,12.146638393559119,L3_BW
391,20,32,"(1024, 1025)","(16, 2)",32832,0.4192382845454546,15.241922709964681,L3_BW
392,20,32,"(1024, 1025)","(16, 4)",32832,0.4192382845454546,15.241922709964681,L3_BW
393,20,32,"(1024, 1025)","(16, 8)",32832,0.4192382845454546,15.241922709964681,L3_BW
394,20,32,"(1024, 1025)","(16, 16)",32832,0.4192382845454546,15.241922709964681,L3_BW
395,20,32,"(1024, 1025)","(32, 1)",32800,0.4193248590909091,15.238775835883978,L3_BW
396,20,32,"(1024, 1025)","(32, 2)",32800,0.4193248590909091,15.238775835883978,L3_BW
397,20,32,"(1024, 1025)","(32, 4)",32800,0.4193248590909091,15.238775835883978,L3_BW
398,20,32,"(1024, 1025)","(32, 8)",32800,0.4193248590909091,15.238775835883978,L3_BW
399,20,32,"(1024, 1025)","(64, 1)",32800,0.4193248590909091,15.238775835883978,L3_BW
400,20,32,"(1024, 1025)","(64, 2)",32800,0.4193248590909091,15.238775835883978,L3_BW
401,20,32,"(1024, 1025)","(64, 4)",32800,0.4193248590909091,15.238775835883978,L3_BW
402,20,32,"(1024, 1025)","(128, 1)",32800,0.4193248590909091,15.238775835883978,L3_BW
403,20,32,"(1024, 1025)","(128, 2)",32800,0.4193248590909091,15.238775835883978,L3_BW
404,20,32,"(1024, 1025)","(256, 1)",32800,0.4193248590909091,15.238775835883978,L3_BW
405,20,8,"(1024,)","(8,)",128,1.2722842772727272,5.022460502143137,"Latencies, L3_BW"
406,20,8,"(1024, 1025)","(1, 8)",132096,0.5857332372727273,10.909398892664697,L3_BW
407,20,8,"(1024,)","(16,)",128,1.2722842772727272,5.022460502143137,"Latencies, L3_BW"
408,20,8,"(1024, 1025)","(1, 16)",132096,0.5857332372727273,10.909398892664697,L3_BW
409,20,8,"(1024,)","(32,)",128,1.2722842772727272,5.022460502143137,"Latencies, L3_BW"
410,20,8,"(1024, 1025)","(1, 32)",132096,0.5857332372727273,10.909398892664697,L3_BW
411,20,8,"(1024,)","(64,)",128,1.2722842772727272,5.022460502143137,"Latencies, L3_BW"
412,20,8,"(1024, 1025)","(1, 64)",132096,0.5857332372727273,10.909398892664697,L3_BW
413,20,8,"(1024,)","(128,)",128,1.2722842772727272,5.022460502143137,"Latencies, L3_BW"
414,20,8,"(1024, 1025)","(1, 128)",132096,0.5857332372727273,10.909398892664697,L3_BW
415,20,8,"(1024,)","(256,)",128,1.2722842772727272,5.022460502143137,"Latencies, L3_BW"
416,20,8,"(1024, 1025)","(1, 256)",132096,0.5857332372727273,10.909398892664697,L3_BW
417,20,8,"(1024, 1025)","(2, 4)",131584,0.5859408300000001,10.905533806374269,L3_BW
418,20,8,"(1024, 1025)","(2, 8)",131584,0.5859408300000001,10.905533806374269,L3_BW
419,20,8,"(1024, 1025)","(2, 16)",131584,0.5859408300000001,10.905533806374269,L3_BW
420,20,8,"(1024, 1025)","(2, 32)",131584,0.5859408300000001,10.905533806374269,L3_BW
421,20,8,"(1024, 1025)","(2, 64)",131584,0.5859408300000001,10.905533806374269,L3_BW
422,20,8,"(1024, 1025)","(2, 128)",131584,0.5859408300000001,10.905533806374269,L3_BW
423,20,8,"(1024, 1025)","(4, 2)",131328,0.5863737027272727,10.897483124464127,L3_BW
424,20,8,"(1024, 1025)","(4, 4)",131328,0.5863737027272727,10.897483124464127,L3_BW
425,20,8,"(1024, 1025)","(4, 8)",131328,0.5863737027272727,10.897483124464127,L3_BW
426,20,8,"(1024, 1025)","(4, 16)",131328,0.5863737027272727,10.897483124464127,L3_BW
427,20,8,"(1024, 1025)","(4, 32)",131328,0.5863737027272727,10.897483124464127,L3_BW
428,20,8,"(1024, 1025)","(4, 64)",131328,0.5863737027272727,10.897483124464127,L3_BW
429,20,8,"(1024, 1025)","(8, 1)",131200,0.5857332372727273,10.909398892664697,L3_BW
430,20,8,"(1024, 1025)","(8, 2)",131200,0.5857332372727273,10.909398892664697,L3_BW
431,20,8,"(1024, 1025)","(8, 4)",131200,0.5857332372727273,10.909398892664697,L3_BW
432,20,8,"(1024, 1025)","(8, 8)",131200,0.5857332372727273,10.909398892664697,L3_BW
433,20,8,"(1024, 1025)","(8, 16)",131200,0.5857332372727273,10.909398892664697,L3_BW
434,20,8,"(1024, 1025)","(8, 32)",131200,0.5857332372727273,10.909398892664697,L3_BW
435,20,8,"(1024, 1025)","(16, 1)",131200,0.5857332372727273,10.909398892664697,L3_BW
436,20,8,"(1024, 1025)","(16, 2)",131200,0.5857332372727273,10.909398892664697,L3_BW
437,20,8,"(1024, 1025)","(16, 4)",131200,0.5857332372727273,10.909398892664697,L3_BW
438,20,8,"(1024, 1025)","(16, 8)",131200,0.5857332372727273,10.909398892664697,L3_BW
439,20,8,"(1024, 1025)","(16, 16)",131200,0.5857332372727273,10.909398892664697,L3_BW
440,20,8,"(1024, 1025)","(32, 1)",131200,0.5857332372727273,10.909398892664697,L3_BW
441,20,8,"(1024, 1025)","(32, 2)",131200,0.5857332372727273,10.909398892664697,L3_BW
442,20,8,"(1024, 1025)","(32, 4)",131200,0.5857332372727273,10.909398892664697,L3_BW
443,20,8,"(1024, 1025)","(32, 8)",131200,0.5857332372727273,10.909398892664697,L3_BW
444,20,8,"(1024, 1025)","(64, 1)",131200,0.5857332372727273,10.909398892664697,L3_BW
445,20,8,"(1024, 1025)","(64, 2)",131200,0.5857332372727273,10.909398892664697,L3_BW
446,20,8,"(1024, 1025)","(64, 4)",131200,0.5857332372727273,10.909398892664697,L3_BW
447,20,8,"(1024, 1025)","(128, 1)",131200,0.5857332372727273,10.909398892664697,L3_BW
448,20,8,"(1024, 1025)","(128, 2)",131200,0.5857332372727273,10.909398892664697,L3_BW
449,20,8,"(1024, 1025)","(256, 1)",131200,0.5868270554545455,10.88906428342917,L3_BW
450,20,16,"(1024,)","(8,)",128,1.2722842772727272,5.022460502143137,"Latencies, L3_BW"
451,20,16,"(1024, 1025)","(1, 8)",132096,0.5857332372727273,10.909398892664697,L3_BW
452,20,16,"(1024,)","(16,)",64,1.8116967572727272,3.527078968623483,"Latencies, L3_BW"
453,20,16,"(1024, 1025)","(1, 16)",66560,0.5258981245454546,12.150637608040562,L3_BW
454,20,16,"(1024,)","(32,)",64,1.8116967572727272,3.527078968623483,"Latencies, L3_BW"
455,20,16,"(1024, 1025)","(1, 32)",66560,0.5258981245454546,12.150637608040562,L3_BW
456,20,16,"(1024,)","(64,)",64,1.8116967572727272,3.527078968623483,"Latencies, L3_BW"
457,20,16,"(1024, 1025)","(1, 64)",66560,0.5258981245454546,12.150637608040562,L3_BW
458,20,16,"(1024,)","(128,)",64,1.8116967572727272,3.527078968623483,"Latencies, L3_BW"
459,20,16,"(1024, 1025)","(1, 128)",66560,0.5258981245454546,12.150637608040562,L3_BW
460,20,16,"(1024,)","(256,)",64,1.8116967572727272,3.527078968623483,"Latencies, L3_BW"
461,20,16,"(1024, 1025)","(1, 256)",66560,0.5258981245454546,12.150637608040562,L3_BW
462,20,16,"(1024, 1025)","(2, 4)",131584,0.5859408300000001,10.905533806374269,L3_BW
463,20,16,"(1024, 1025)","(2, 8)",66048,0.5260712736363636,12.146638393559119,L3_BW
464,20,16,"(1024, 1025)","(2, 16)",66048,0.5260712736363636,12.146638393559119,L3_BW
465,20,16,"(1024, 1025)","(2, 32)",66048,0.5260712736363636,12.146638393559119,L3_BW
466,20,16,"(1024, 1025)","(2, 64)",66048,0.5260712736363636,12.146638393559119,L3_BW
467,20,16,"(1024, 1025)","(2, 128)",66048,0.5260712736363636,12.146638393559119,L3_BW
468,20,16,"(1024, 1025)","(4, 2)",131328,0.5863737027272727,10.897483124464127,L3_BW
469,20,16,"(1024, 1025)","(4, 4)",65792,0.5255518263636364,12.158643942526563,L3_BW
470,20,16,"(1024, 1025)","(4, 8)",65792,0.5255518263636364,12.158643942526563,L3_BW
471,20,16,"(1024, 1025)","(4, 16)",65792,0.5255518263636364,12.158643942526563,L3_BW
472,20,16,"(1024, 1025)","(4, 32)",65792,0.5255518263636364,12.158643942526563,L3_BW
473,20,16,"(1024, 1025)","(4, 64)",65792,0.5255518263636364,12.158643942526563,L3_BW
474,20,16,"(1024, 1025)","(8, 1)",131200,0.5857332372727273,10.909398892664697,L3_BW
475,20,16,"(1024, 1025)","(8, 2)",65664,0.5258981245454546,12.150637608040562,L3_BW
476,20,16,"(1024, 1025)","(8, 4)",65664,0.5258981245454546,12.150637608040562,L3_BW
477,20,16,"(1024, 1025)","(8, 8)",65664,0.5258981245454546,12.150637608040562,L3_BW
478,20,16,"(1024, 1025)","(8, 16)",65664,0.5258981245454546,12.150637608040562,L3_BW
479,20,16,"(1024, 1025)","(8, 32)",65664,0.5258981245454546,12.150637608040562,L3_BW
480,20,16,"(1024, 1025)","(16, 1)",65600,0.5260712736363636,12.146638393559119,L3_BW
481,20,16,"(1024, 1025)","(16, 2)",65600,0.5260712736363636,12.146638393559119,L3_BW
482,20,16,"(1024, 1025)","(16, 4)",65600,0.5260712736363636,12.146638393559119,L3_BW
483,20,16,"(1024, 1025)","(16, 8)",65600,0.5260712736363636,12.146638393559119,L3_BW
484,20,16,"(1024, 1025)","(16, 16)",65600,0.5260712736363636,12.146638393559119,L3_BW
485,20,16,"(1024, 1025)","(32, 1)",65600,0.5260712736363636,12.146638393559119,L3_BW
486,20,16,"(1024, 1025)","(32, 2)",65600,0.5260712736363636,12.146638393559119,L3_BW
487,20,16,"(1024, 1025)","(32, 4)",65600,0.5260712736363636,12.146638393559119,L3_BW
488,20,16,"(1024, 1025)","(32, 8)",65600,0.5260712736363636,12.146638393559119,L3_BW
489,20,16,"(1024, 1025)","(64, 1)",65600,0.5260712736363636,12.146638393559119,L3_BW
490,20,16,"(1024, 1025)","(64, 2)",65600,0.5260712736363636,12.146638393559119,L3_BW
491,20,16,"(1024, 1025)","(64, 4)",65600,0.5260712736363636,12.146638393559119,L3_BW
492,20,16,"(1024, 1025)","(128, 1)",65600,0.5260712736363636,12.146638393559119,L3_BW
493,20,16,"(1024, 1025)","(128, 2)",65600,0.5260712736363636,12.146638393559119,L3_BW
494,20,16,"(1024, 1025)","(256, 1)",65600,0.5260712736363636,12.146638393559119,L3_BW
495,20,32,"(1024,)","(8,)",128,1.4623457472727273,4.369689960132435,"Latencies, Compute"
496,20,32,"(1024, 1025)","(1, 8)",132096,0.8024672961862528,7.962938253644271,Compute
497,20,32,"(1024,)","(16,)",64,1.8116967572727272,3.527078968623483,"Latencies, L3_BW"
498,20,32,"(1024, 1025)","(1, 16)",66560,0.5258981245454546,12.150637608040562,L3_BW
499,20,32,"(1024,)","(32,)",32,1.8116967572727272,3.527078968623483,"Latencies, L3_BW"
500,20,32,"(1024, 1025)","(1, 32)",33792,0.41906513545454543,15.248220358796946,L3_BW
501,20,32,"(1024,)","(64,)",32,1.8116967572727272,3.527078968623483,"Latencies, L3_BW"
502,20,32,"(1024, 1025)","(1, 64)",33792,0.41906513545454543,15.248220358796946,L3_BW
503,20,32,"(1024,)","(128,)",32,1.8116967572727272,3.527078968623483,"Latencies, L3_BW"
504,20,32,"(1024, 1025)","(1, 128)",33792,0.41906513545454543,15.248220358796946,L3_BW
505,20,32,"(1024,)","(256,)",32,1.8116967572727272,3.527078968623483,"Latencies, L3_BW"
506,20,32,"(1024, 1025)","(1, 256)",33792,0.41906513545454543,15.248220358796946,L3_BW
507,20,32,"(1024, 1025)","(2, 4)",131584,0.8009040909356985,7.978480322949216,Compute
508,20,32,"(1024, 1025)","(2, 8)",66048,0.5260712736363636,12.146638393559119,L3_BW
509,20,32,"(1024, 1025)","(2, 16)",33280,0.4192382845454546,15.241922709964681,L3_BW
510,20,32,"(1024, 1025)","(2, 32)",33280,0.4192382845454546,15.241922709964681,L3_BW
511,20,32,"(1024, 1025)","(2, 64)",33280,0.4192382845454546,15.241922709964681,L3_BW
512,20,32,"(1024, 1025)","(2, 128)",33280,0.4192382845454546,15.241922709964681,L3_BW
513,20,32,"(1024, 1025)","(4, 2)",131328,0.8013369636629712,7.974170442470097,Compute
514,20,32,"(1024, 1025)","(4, 4)",65792,0.5255518263636364,12.158643942526563,L3_BW
515,20,32,"(1024, 1025)","(4, 8)",33024,0.4185252081818182,15.267891647100068,L3_BW
516,20,32,"(1024, 1025)","(4, 16)",33024,0.4185252081818182,15.267891647100068,L3_BW
517,20,32,"(1024, 1025)","(4, 32)",33024,0.4185252081818182,15.267891647100068,L3_BW
518,20,32,"(1024, 1025)","(4, 64)",33024,0.4185252081818182,15.267891647100068,L3_BW
519,20,32,"(1024, 1025)","(8, 1)",131200,0.7989257002305986,7.998237543560831,Compute
520,20,32,"(1024, 1025)","(8, 2)",65664,0.5258981245454546,12.150637608040562,L3_BW
521,20,32,"(1024, 1025)","(8, 4)",32896,0.41906513545454543,15.248220358796946,L3_BW
522,20,32,"(1024, 1025)","(8, 8)",32896,0.41906513545454543,15.248220358796946,L3_BW
523,20,32,"(1024, 1025)","(8, 16)",32896,0.41906513545454543,15.248220358796946,L3_BW
524,20,32,"(1024, 1025)","(8, 32)",32896,0.41906513545454543,15.248220358796946,L3_BW
525,20,32,"(1024, 1025)","(16, 1)",65600,0.5260712736363636,12.146638393559119,L3_BW
526,20,32,"(1024, 1025)","(16, 2)",32832,0.4192382845454546,15.241922709964681,L3_BW
527,20,32,"(1024, 1025)","(16, 4)",32832,0.4192382845454546,15.241922709964681,L3_BW
528,20,32,"(1024, 1025)","(16, 8)",32832,0.4192382845454546,15.241922709964681,L3_BW
529,20,32,"(1024, 1025)","(16, 16)",32832,0.4192382845454546,15.241922709964681,L3_BW
530,20,32,"(1024, 1025)","(32, 1)",32800,0.4193248590909091,15.238775835883978,L3_BW
531,20,32,"(1024, 1025)","(32, 2)",32800,0.4193248590909091,15.238775835883978,L3_BW
532,20,32,"(1024, 1025)","(32, 4)",32800,0.4193248590909091,15.238775835883978,L3_BW
533,20,32,"(1024, 1025)","(32, 8)",32800,0.4193248590909091,15.238775835883978,L3_BW
534,20,32,"(1024, 1025)","(64, 1)",32800,0.4193248590909091,15.238775835883978,L3_BW
535,20,32,"(1024, 1025)","(64, 2)",32800,0.4193248590909091,15.238775835883978,L3_BW
536,20,32,"(1024, 1025)","(64, 4)",32800,0.4193248590909091,15.238775835883978,L3_BW
537,20,32,"(1024, 1025)","(128, 1)",32800,0.4193248590909091,15.238775835883978,L3_BW
538,20,32,"(1024, 1025)","(128, 2)",32800,0.4193248590909091,15.238775835883978,L3_BW
539,20,32,"(1024, 1025)","(256, 1)",32800,0.4193248590909091,15.238775835883978,L3_BW
540,17,8,"(1025,)","(8,)",129,6.668125324545455,0.9567901151640253,"Launch_Tax, Latencies, L3_BW"
541,17,8,"(1025,)","(16,)",129,6.668125324545455,0.9567901151640253,"Launch_Tax, Latencies, L3_BW"
542,17,8,"(1025,)","(32,)",129,6.668125324545455,0.9567901151640253,"Launch_Tax, Latencies, L3_BW"
543,17,8,"(1025,)","(64,)",129,6.668125324545455,0.9567901151640253,"Launch_Tax, Latencies, L3_BW"
544,17,8,"(1025,)","(128,)",129,6.668125324545455,0.9567901151640253,"Launch_Tax, Latencies, L3_BW"
545,17,8,"(1025,)","(256,)",129,6.668125324545455,0.9567901151640253,"Launch_Tax, Latencies, L3_BW"
546,17,16,"(1025,)","(8,)",129,6.734355294199557,0.9473804274471865,"Launch_Tax, Latencies, Compute"
547,17,16,"(1025,)","(16,)",65,7.111386997272728,0.8971521869990732,"Launch_Tax, Latencies, L3_BW"
548,17,16,"(1025,)","(32,)",65,7.111386997272728,0.8971521869990732,"Launch_Tax, Latencies, L3_BW"
549,17,16,"(1025,)","(64,)",65,7.111386997272728,0.8971521869990732,"Launch_Tax, Latencies, L3_BW"
550,17,16,"(1025,)","(128,)",65,7.111386997272728,0.8971521869990732,"Launch_Tax, Latencies, L3_BW"
551,17,16,"(1025,)","(256,)",65,7.111386997272728,0.8971521869990732,"Launch_Tax, Latencies, L3_BW"
552,17,32,"(1025,)","(8,)",129,7.1057604483991135,0.8978625783307086,"Launch_Tax, Latencies, Compute"
553,17,32,"(1025,)","(16,)",65,7.301418684993349,0.8738022941093415,"Launch_Tax, Latencies, Compute"
554,17,32,"(1025,)","(32,)",33,7.111386997272728,0.8971521869990732,"Launch_Tax, Latencies, L3_BW"
555,17,32,"(1025,)","(64,)",33,7.111386997272728,0.8971521869990732,"Launch_Tax, Latencies, L3_BW"
556,17,32,"(1025,)","(128,)",33,7.111386997272728,0.8971521869990732,"Launch_Tax, Latencies, L3_BW"
557,17,32,"(1025,)","(256,)",33,7.111386997272728,0.8971521869990732,"Launch_Tax, Latencies, L3_BW"
558,17,8,"(1025,)","(8,)",129,6.668125324545455,0.9567901151640253,"Launch_Tax, Latencies, L3_BW"
559,17,8,"(1025,)","(16,)",129,6.668125324545455,0.9567901151640253,"Launch_Tax, Latencies, L3_BW"
560,17,8,"(1025,)","(32,)",129,6.668125324545455,0.9567901151640253,"Launch_Tax, Latencies, L3_BW"
561,17,8,"(1025,)","(64,)",129,6.668125324545455,0.9567901151640253,"Launch_Tax, Latencies, L3_BW"
562,17,8,"(1025,)","(128,)",129,6.668125324545455,0.9567901151640253,"Launch_Tax, Latencies, L3_BW"
563,17,8,"(1025,)","(256,)",129,6.668125324545455,0.9567901151640253,"Launch_Tax, Latencies, L3_BW"
564,17,16,"(1025,)","(8,)",129,6.734355294199557,0.9473804274471865,"Launch_Tax, Latencies, Compute"
565,17,16,"(1025,)","(16,)",65,7.111386997272728,0.8971521869990732,"Launch_Tax, Latencies, L3_BW"
566,17,16,"(1025,)","(32,)",65,7.111386997272728,0.8971521869990732,"Launch_Tax, Latencies, L3_BW"
567,17,16,"(1025,)","(64,)",65,7.111386997272728,0.8971521869990732,"Launch_Tax, Latencies, L3_BW"
568,17,16,"(1025,)","(128,)",65,7.111386997272728,0.8971521869990732,"Launch_Tax, Latencies, L3_BW"
569,17,16,"(1025,)","(256,)",65,7.111386997272728,0.8971521869990732,"Launch_Tax, Latencies, L3_BW"
570,17,32,"(1025,)","(8,)",129,7.1057604483991135,0.8978625783307086,"Launch_Tax, Latencies, Compute"
571,17,32,"(1025,)","(16,)",65,7.301418684993349,0.8738022941093415,"Launch_Tax, Latencies, Compute"
572,17,32,"(1025,)","(32,)",33,7.111386997272728,0.8971521869990732,"Launch_Tax, Latencies, L3_BW"
573,17,32,"(1025,)","(64,)",33,7.111386997272728,0.8971521869990732,"Launch_Tax, Latencies, L3_BW"
574,17,32,"(1025,)","(128,)",33,7.111386997272728,0.8971521869990732,"Launch_Tax, Latencies, L3_BW"
575,17,32,"(1025,)","(256,)",33,7.111386997272728,0.8971521869990732,"Launch_Tax, Latencies, L3_BW"
576,27,8,"(1024,)","(8,)",128,0.0009405149356060605,21.267572839883254,DRAM_BW
577,27,8,"(1024, 1025)","(1, 8)",132096,0.0006625512992424242,30.190069694031642,DRAM_BW
578,27,8,"(1024,)","(16,)",128,0.0009405149356060605,21.267572839883254,DRAM_BW
579,27,8,"(1024, 1025)","(1, 16)",132096,0.0006625512992424242,30.190069694031642,DRAM_BW
580,27,8,"(1024,)","(32,)",128,0.0009405149356060605,21.267572839883254,DRAM_BW
581,27,8,"(1024, 1025)","(1, 32)",132096,0.0006625512992424242,30.190069694031642,DRAM_BW
582,27,8,"(1024,)","(64,)",128,0.0009405149356060605,21.267572839883254,DRAM_BW
583,27,8,"(1024, 1025)","(1, 64)",132096,0.0006625512992424242,30.190069694031642,DRAM_BW
584,27,8,"(1024,)","(128,)",128,0.0009405149356060605,21.267572839883254,DRAM_BW
585,27,8,"(1024, 1025)","(1, 128)",132096,0.0006625512992424242,30.190069694031642,DRAM_BW
586,27,8,"(1024,)","(256,)",128,0.0009405149356060605,21.267572839883254,DRAM_BW
587,27,8,"(1024, 1025)","(1, 256)",132096,0.0006625512992424242,30.190069694031642,DRAM_BW
588,27,8,"(1024, 1025)","(2, 4)",131584,0.0006625512992424242,30.190069694031642,DRAM_BW
589,27,8,"(1024, 1025)","(2, 8)",131584,0.0006625512992424242,30.190069694031642,DRAM_BW
590,27,8,"(1024, 1025)","(2, 16)",131584,0.0006625512992424242,30.190069694031642,DRAM_BW
591,27,8,"(1024, 1025)","(2, 32)",131584,0.0006625512992424242,30.190069694031642,DRAM_BW
592,27,8,"(1024, 1025)","(2, 64)",131584,0.0006625512992424242,30.190069694031642,DRAM_BW
593,27,8,"(1024, 1025)","(2, 128)",131584,0.0006625512992424242,30.190069694031642,DRAM_BW
594,27,8,"(1024, 1025)","(4, 2)",131328,0.0006625512992424242,30.190069694031642,DRAM_BW
595,27,8,"(1024, 1025)","(4, 4)",131328,0.0006625512992424242,30.190069694031642,DRAM_BW
596,27,8,"(1024, 1025)","(4, 8)",131328,0.0006625512992424242,30.190069694031642,DRAM_BW
597,27,8,"(1024, 1025)","(4, 16)",131328,0.0006625512992424242,30.190069694031642,DRAM_BW
598,27,8,"(1024, 1025)","(4, 32)",131328,0.0006625512992424242,30.190069694031642,DRAM_BW
599,27,8,"(1024, 1025)","(4, 64)",131328,0.0006625512992424242,30.190069694031642,DRAM_BW
600,27,8,"(1024, 1025)","(8, 1)",131200,0.0006625512992424242,30.190069694031642,DRAM_BW
601,27,8,"(1024, 1025)","(8, 2)",131200,0.0006625512992424242,30.190069694031642,DRAM_BW
602,27,8,"(1024, 1025)","(8, 4)",131200,0.0006625512992424242,30.190069694031642,DRAM_BW
603,27,8,"(1024, 1025)","(8, 8)",131200,0.0006625512992424242,30.190069694031642,DRAM_BW
604,27,8,"(1024, 1025)","(8, 16)",131200,0.0006625512992424242,30.190069694031642,DRAM_BW
605,27,8,"(1024, 1025)","(8, 32)",131200,0.0006625512992424242,30.190069694031642,DRAM_BW
606,27,8,"(1024, 1025)","(16, 1)",131200,0.0006625512992424242,30.190069694031642,DRAM_BW
607,27,8,"(1024, 1025)","(16, 2)",131200,0.0006625512992424242,30.190069694031642,DRAM_BW
608,27,8,"(1024, 1025)","(16, 4)",131200,0.0006625512992424242,30.190069694031642,DRAM_BW
609,27,8,"(1024, 1025)","(16, 8)",131200,0.0006625512992424242,30.190069694031642,DRAM_BW
610,27,8,"(1024, 1025)","(16, 16)",131200,0.0006625512992424242,30.190069694031642,DRAM_BW
611,27,8,"(1024, 1025)","(32, 1)",131200,0.0006625512992424242,30.190069694031642,DRAM_BW
612,27,8,"(1024, 1025)","(32, 2)",131200,0.0006625512992424242,30.190069694031642,DRAM_BW
613,27,8,"(1024, 1025)","(32, 4)",131200,0.0006625512992424242,30.190069694031642,DRAM_BW
614,27,8,"(1024, 1025)","(32, 8)",131200,0.0006625512992424242,30.190069694031642,DRAM_BW
615,27,8,"(1024, 1025)","(64, 1)",131200,0.0006625512992424242,30.190069694031642,DRAM_BW
616,27,8,"(1024, 1025)","(64, 2)",131200,0.0006625512992424242,30.190069694031642,DRAM_BW
617,27,8,"(1024, 1025)","(64, 4)",131200,0.0006625512992424242,30.190069694031642,DRAM_BW
618,27,8,"(1024, 1025)","(128, 1)",131200,0.0006625512992424242,30.190069694031642,DRAM_BW
619,27,8,"(1024, 1025)","(128, 2)",131200,0.0006625512992424242,30.190069694031642,DRAM_BW
620,27,8,"(1024, 1025)","(256, 1)",131200,0.000662929481060606,30.17284714506662,DRAM_BW
621,27,16,"(1024,)","(8,)",128,0.0009405149356060605,21.267572839883254,DRAM_BW
622,27,16,"(1024, 1025)","(1, 8)",132096,0.0006625512992424242,30.190069694031642,DRAM_BW
623,27,16,"(1024,)","(16,)",64,0.0011110749356060608,18.002809044638564,"Latencies, DRAM_BW"
624,27,16,"(1024, 1025)","(1, 16)",66560,0.0006315403901515151,31.672510914466034,DRAM_BW
625,27,16,"(1024,)","(32,)",64,0.0011110749356060608,18.002809044638564,"Latencies, DRAM_BW"
626,27,16,"(1024, 1025)","(1, 32)",66560,0.0006315403901515151,31.672510914466034,DRAM_BW
627,27,16,"(1024,)","(64,)",64,0.0011110749356060608,18.002809044638564,"Latencies, DRAM_BW"
628,27,16,"(1024, 1025)","(1, 64)",66560,0.0006315403901515151,31.672510914466034,DRAM_BW
629,27,16,"(1024,)","(128,)",64,0.0011110749356060608,18.002809044638564,"Latencies, DRAM_BW"
630,27,16,"(1024, 1025)","(1, 128)",66560,0.0006315403901515151,31.672510914466034,DRAM_BW
631,27,16,"(1024,)","(256,)",64,0.0011110749356060608,18.002809044638564,"Latencies, DRAM_BW"
632,27,16,"(1024, 1025)","(1, 256)",66560,0.0006315403901515151,31.672510914466034,DRAM_BW
633,27,16,"(1024, 1025)","(2, 4)",131584,0.0006625512992424242,30.190069694031642,DRAM_BW
634,27,16,"(1024, 1025)","(2, 8)",66048,0.0006315403901515151,31.672510914466034,DRAM_BW
635,27,16,"(1024, 1025)","(2, 16)",66048,0.0006315403901515151,31.672510914466034,DRAM_BW
636,27,16,"(1024, 1025)","(2, 32)",66048,0.0006315403901515151,31.672510914466034,DRAM_BW
637,27,16,"(1024, 1025)","(2, 64)",66048,0.0006315403901515151,31.672510914466034,DRAM_BW
638,27,16,"(1024, 1025)","(2, 128)",66048,0.0006315403901515151,31.672510914466034,DRAM_BW
639,27,16,"(1024, 1025)","(4, 2)",131328,0.0006625512992424242,30.190069694031642,DRAM_BW
640,27,16,"(1024, 1025)","(4, 4)",65792,0.0006311622083333333,31.691488552236276,DRAM_BW
641,27,16,"(1024, 1025)","(4, 8)",65792,0.0006311622083333333,31.691488552236276,DRAM_BW
642,27,16,"(1024, 1025)","(4, 16)",65792,0.0006311622083333333,31.691488552236276,DRAM_BW
643,27,16,"(1024, 1025)","(4, 32)",65792,0.0006311622083333333,31.691488552236276,DRAM_BW
644,27,16,"(1024, 1025)","(4, 64)",65792,0.0006311622083333333,31.691488552236276,DRAM_BW
645,27,16,"(1024, 1025)","(8, 1)",131200,0.0006625512992424242,30.190069694031642,DRAM_BW
646,27,16,"(1024, 1025)","(8, 2)",65664,0.0006315403901515151,31.672510914466034,DRAM_BW
647,27,16,"(1024, 1025)","(8, 4)",65664,0.0006315403901515151,31.672510914466034,DRAM_BW
648,27,16,"(1024, 1025)","(8, 8)",65664,0.0006315403901515151,31.672510914466034,DRAM_BW
649,27,16,"(1024, 1025)","(8, 16)",65664,0.0006315403901515151,31.672510914466034,DRAM_BW
650,27,16,"(1024, 1025)","(8, 32)",65664,0.0006315403901515151,31.672510914466034,DRAM_BW
651,27,16,"(1024, 1025)","(16, 1)",65600,0.0006315403901515151,31.672510914466034,DRAM_BW
652,27,16,"(1024, 1025)","(16, 2)",65600,0.0006315403901515151,31.672510914466034,DRAM_BW
653,27,16,"(1024, 1025)","(16, 4)",65600,0.0006315403901515151,31.672510914466034,DRAM_BW
654,27,16,"(1024, 1025)","(16, 8)",65600,0.0006315403901515151,31.672510914466034,DRAM_BW
655,27,16,"(1024, 1025)","(16, 16)",65600,0.0006315403901515151,31.672510914466034,DRAM_BW
656,27,16,"(1024, 1025)","(32, 1)",65600,0.0006315403901515151,31.672510914466034,DRAM_BW
657,27,16,"(1024, 1025)","(32, 2)",65600,0.0006315403901515151,31.672510914466034,DRAM_BW
658,27,16,"(1024, 1025)","(32, 4)",65600,0.0006315403901515151,31.672510914466034,DRAM_BW
659,27,16,"(1024, 1025)","(32, 8)",65600,0.0006315403901515151,31.672510914466034,DRAM_BW
660,27,16,"(1024, 1025)","(64, 1)",65600,0.0006315403901515151,31.672510914466034,DRAM_BW
661,27,16,"(1024, 1025)","(64, 2)",65600,0.0006315403901515151,31.672510914466034,DRAM_BW
662,27,16,"(1024, 1025)","(64, 4)",65600,0.0006315403901515151,31.672510914466034,DRAM_BW
663,27,16,"(1024, 1025)","(128, 1)",65600,0.0006315403901515151,31.672510914466034,DRAM_BW
664,27,16,"(1024, 1025)","(128, 2)",65600,0.0006315403901515151,31.672510914466034,DRAM_BW
665,27,16,"(1024, 1025)","(256, 1)",65600,0.0006315403901515151,31.672510914466034,DRAM_BW
666,27,32,"(1024,)","(8,)",128,0.0013155945454545455,15.204129546682662,Compute
667,27,32,"(1024, 1025)","(1, 8)",132096,0.001051835272727273,19.01673239017378,Compute
668,27,32,"(1024,)","(16,)",64,0.0011110749356060608,18.002809044638564,"Latencies, DRAM_BW"
669,27,32,"(1024, 1025)","(1, 16)",66560,0.0006315403901515151,31.672510914466034,DRAM_BW
670,27,32,"(1024,)","(32,)",32,0.0011080494810606061,18.051964503294542,"Latencies, DRAM_BW"
671,27,32,"(1024, 1025)","(1, 32)",33792,0.0005910749356060605,33.840835899242464,DRAM_BW
672,27,32,"(1024,)","(64,)",32,0.0011080494810606061,18.051964503294542,"Latencies, DRAM_BW"
673,27,32,"(1024, 1025)","(1, 64)",33792,0.0005910749356060605,33.840835899242464,DRAM_BW
674,27,32,"(1024,)","(128,)",32,0.0011080494810606061,18.051964503294542,"Latencies, DRAM_BW"
675,27,32,"(1024, 1025)","(1, 128)",33792,0.0005910749356060605,33.840835899242464,DRAM_BW
676,27,32,"(1024,)","(256,)",32,0.0011080494810606061,18.051964503294542,"Latencies, DRAM_BW"
677,27,32,"(1024, 1025)","(1, 256)",33792,0.0005910749356060605,33.840835899242464,DRAM_BW
678,27,32,"(1024, 1025)","(2, 4)",131584,0.001048681963636364,19.073914297753635,Compute
679,27,32,"(1024, 1025)","(2, 8)",66048,0.0006315403901515151,31.672510914466034,DRAM_BW
680,27,32,"(1024, 1025)","(2, 16)",33280,0.0005914531174242423,33.819197685710165,DRAM_BW
681,27,32,"(1024, 1025)","(2, 32)",33280,0.0005914531174242423,33.819197685710165,DRAM_BW
682,27,32,"(1024, 1025)","(2, 64)",33280,0.0005914531174242423,33.819197685710165,DRAM_BW
683,27,32,"(1024, 1025)","(2, 128)",33280,0.0005914531174242423,33.819197685710165,DRAM_BW
684,27,32,"(1024, 1025)","(4, 2)",131328,0.001048681963636364,19.073914297753635,Compute
685,27,32,"(1024, 1025)","(4, 4)",65792,0.0006311622083333333,31.691488552236276,DRAM_BW
686,27,32,"(1024, 1025)","(4, 8)",33024,0.0005910749356060605,33.840835899242464,DRAM_BW
687,27,32,"(1024, 1025)","(4, 16)",33024,0.0005910749356060605,33.840835899242464,DRAM_BW
688,27,32,"(1024, 1025)","(4, 32)",33024,0.0005910749356060605,33.840835899242464,DRAM_BW
689,27,32,"(1024, 1025)","(4, 64)",33024,0.0005910749356060605,33.840835899242464,DRAM_BW
690,27,32,"(1024, 1025)","(8, 1)",131200,0.0010455286545454547,19.131441126016874,Compute
691,27,32,"(1024, 1025)","(8, 2)",65664,0.0006315403901515151,31.672510914466034,DRAM_BW
692,27,32,"(1024, 1025)","(8, 4)",32896,0.0005910749356060605,33.840835899242464,DRAM_BW
693,27,32,"(1024, 1025)","(8, 8)",32896,0.0005910749356060605,33.840835899242464,DRAM_BW
694,27,32,"(1024, 1025)","(8, 16)",32896,0.0005910749356060605,33.840835899242464,DRAM_BW
695,27,32,"(1024, 1025)","(8, 32)",32896,0.0005910749356060605,33.840835899242464,DRAM_BW
696,27,32,"(1024, 1025)","(16, 1)",65600,0.0006315403901515151,31.672510914466034,DRAM_BW
697,27,32,"(1024, 1025)","(16, 2)",32832,0.0005914531174242423,33.819197685710165,DRAM_BW
698,27,32,"(1024, 1025)","(16, 4)",32832,0.0005914531174242423,33.819197685710165,DRAM_BW
699,27,32,"(1024, 1025)","(16, 8)",32832,0.0005914531174242423,33.819197685710165,DRAM_BW
700,27,32,"(1024, 1025)","(16, 16)",32832,0.0005914531174242423,33.819197685710165,DRAM_BW
701,27,32,"(1024, 1025)","(32, 1)",32800,0.0005914531174242423,33.819197685710165,DRAM_BW
702,27,32,"(1024, 1025)","(32, 2)",32800,0.0005914531174242423,33.819197685710165,DRAM_BW
703,27,32,"(1024, 1025)","(32, 4)",32800,0.0005914531174242423,33.819197685710165,DRAM_BW
704,27,32,"(1024, 1025)","(32, 8)",32800,0.0005914531174242423,33.819197685710165,DRAM_BW
705,27,32,"(1024, 1025)","(64, 1)",32800,0.0005914531174242423,33.819197685710165,DRAM_BW
706,27,32,"(1024, 1025)","(64, 2)",32800,0.0005914531174242423,33.819197685710165,DRAM_BW
707,27,32,"(1024, 1025)","(64, 4)",32800,0.0005914531174242423,33.819197685710165,DRAM_BW
708,27,32,"(1024, 1025)","(128, 1)",32800,0.0005914531174242423,33.819197685710165,DRAM_BW
709,27,32,"(1024, 1025)","(128, 2)",32800,0.0005914531174242423,33.819197685710165,DRAM_BW
710,27,32,"(1024, 1025)","(256, 1)",32800,0.0005914531174242423,33.819197685710165,DRAM_BW
711,27,8,"(1024,)","(8,)",128,0.0009405149356060605,21.267572839883254,DRAM_BW
712,27,8,"(1024, 1025)","(1, 8)",132096,0.0006625512992424242,30.190069694031642,DRAM_BW
713,27,8,"(1024,)","(16,)",128,0.0009405149356060605,21.267572839883254,DRAM_BW
714,27,8,"(1024, 1025)","(1, 16)",132096,0.0006625512992424242,30.190069694031642,DRAM_BW
715,27,8,"(1024,)","(32,)",128,0.0009405149356060605,21.267572839883254,DRAM_BW
716,27,8,"(1024, 1025)","(1, 32)",132096,0.0006625512992424242,30.190069694031642,DRAM_BW
717,27,8,"(1024,)","(64,)",128,0.0009405149356060605,21.267572839883254,DRAM_BW
718,27,8,"(1024, 1025)","(1, 64)",132096,0.0006625512992424242,30.190069694031642,DRAM_BW
719,27,8,"(1024,)","(128,)",128,0.0009405149356060605,21.267572839883254,DRAM_BW
720,27,8,"(1024, 1025)","(1, 128)",132096,0.0006625512992424242,30.190069694031642,DRAM_BW
721,27,8,"(1024,)","(256,)",128,0.0009405149356060605,21.267572839883254,DRAM_BW
722,27,8,"(1024, 1025)","(1, 256)",132096,0.0006625512992424242,30.190069694031642,DRAM_BW
723,27,8,"(1024, 1025)","(2, 4)",131584,0.0006625512992424242,30.190069694031642,DRAM_BW
724,27,8,"(1024, 1025)","(2, 8)",131584,0.0006625512992424242,30.190069694031642,DRAM_BW
725,27,8,"(1024, 1025)","(2, 16)",131584,0.0006625512992424242,30.190069694031642,DRAM_BW
726,27,8,"(1024, 1025)","(2, 32)",131584,0.0006625512992424242,30.190069694031642,DRAM_BW
727,27,8,"(1024, 1025)","(2, 64)",131584,0.0006625512992424242,30.190069694031642,DRAM_BW
728,27,8,"(1024, 1025)","(2, 128)",131584,0.0006625512992424242,30.190069694031642,DRAM_BW
729,27,8,"(1024, 1025)","(4, 2)",131328,0.0006625512992424242,30.190069694031642,DRAM_BW
730,27,8,"(1024, 1025)","(4, 4)",131328,0.0006625512992424242,30.190069694031642,DRAM_BW
731,27,8,"(1024, 1025)","(4, 8)",131328,0.0006625512992424242,30.190069694031642,DRAM_BW
732,27,8,"(1024, 1025)","(4, 16)",131328,0.0006625512992424242,30.190069694031642,DRAM_BW
733,27,8,"(1024, 1025)","(4, 32)",131328,0.0006625512992424242,30.190069694031642,DRAM_BW
734,27,8,"(1024, 1025)","(4, 64)",131328,0.0006625512992424242,30.190069694031642,DRAM_BW
735,27,8,"(1024, 1025)","(8, 1)",131200,0.0006625512992424242,30.190069694031642,DRAM_BW
736,27,8,"(1024, 1025)","(8, 2)",131200,0.0006625512992424242,30.190069694031642,DRAM_BW
737,27,8,"(1024, 1025)","(8, 4)",131200,0.0006625512992424242,30.190069694031642,DRAM_BW
738,27,8,"(1024, 1025)","(8, 8)",131200,0.0006625512992424242,30.190069694031642,DRAM_BW
739,27,8,"(1024, 1025)","(8, 16)",131200,0.0006625512992424242,30.190069694031642,DRAM_BW
740,27,8,"(1024, 1025)","(8, 32)",131200,0.0006625512992424242,30.190069694031642,DRAM_BW
741,27,8,"(1024, 1025)","(16, 1)",131200,0.0006625512992424242,30.190069694031642,DRAM_BW
742,27,8,"(1024, 1025)","(16, 2)",131200,0.0006625512992424242,30.190069694031642,DRAM_BW
743,27,8,"(1024, 1025)","(16, 4)",131200,0.0006625512992424242,30.190069694031642,DRAM_BW
744,27,8,"(1024, 1025)","(16, 8)",131200,0.0006625512992424242,30.190069694031642,DRAM_BW
745,27,8,"(1024, 1025)","(16, 16)",131200,0.0006625512992424242,30.190069694031642,DRAM_BW
746,27,8,"(1024, 1025)","(32, 1)",131200,0.0006625512992424242,30.190069694031642,DRAM_BW
747,27,8,"(1024, 1025)","(32, 2)",131200,0.0006625512992424242,30.190069694031642,DRAM_BW
748,27,8,"(1024, 1025)","(32, 4)",131200,0.0006625512992424242,30.190069694031642,DRAM_BW
749,27,8,"(1024, 1025)","(32, 8)",131200,0.0006625512992424242,30.190069694031642,DRAM_BW
750,27,8,"(1024, 1025)","(64, 1)",131200,0.0006625512992424242,30.190069694031642,DRAM_BW
751,27,8,"(1024, 1025)","(64, 2)",131200,0.0006625512992424242,30.190069694031642,DRAM_BW
752,27,8,"(1024, 1025)","(64, 4)",131200,0.0006625512992424242,30.190069694031642,DRAM_BW
753,27,8,"(1024, 1025)","(128, 1)",131200,0.0006625512992424242,30.190069694031642,DRAM_BW
754,27,8,"(1024, 1025)","(128, 2)",131200,0.0006625512992424242,30.190069694031642,DRAM_BW
755,27,8,"(1024, 1025)","(256, 1)",131200,0.000662929481060606,30.17284714506662,DRAM_BW
756,27,16,"(1024,)","(8,)",128,0.0009405149356060605,21.267572839883254,DRAM_BW
757,27,16,"(1024, 1025)","(1, 8)",132096,0.0006625512992424242,30.190069694031642,DRAM_BW
758,27,16,"(1024,)","(16,)",64,0.0011110749356060608,18.002809044638564,"Latencies, DRAM_BW"
759,27,16,"(1024, 1025)","(1, 16)",66560,0.0006315403901515151,31.672510914466034,DRAM_BW
760,27,16,"(1024,)","(32,)",64,0.0011110749356060608,18.002809044638564,"Latencies, DRAM_BW"
761,27,16,"(1024, 1025)","(1, 32)",66560,0.0006315403901515151,31.672510914466034,DRAM_BW
762,27,16,"(1024,)","(64,)",64,0.0011110749356060608,18.002809044638564,"Latencies, DRAM_BW"
763,27,16,"(1024, 1025)","(1, 64)",66560,0.0006315403901515151,31.672510914466034,DRAM_BW
764,27,16,"(1024,)","(128,)",64,0.0011110749356060608,18.002809044638564,"Latencies, DRAM_BW"
765,27,16,"(1024, 1025)","(1, 128)",66560,0.0006315403901515151,31.672510914466034,DRAM_BW
766,27,16,"(1024,)","(256,)",64,0.0011110749356060608,18.002809044638564,"Latencies, DRAM_BW"
767,27,16,"(1024, 1025)","(1, 256)",66560,0.0006315403901515151,31.672510914466034,DRAM_BW
768,27,16,"(1024, 1025)","(2, 4)",131584,0.0006625512992424242,30.190069694031642,DRAM_BW
769,27,16,"(1024, 1025)","(2, 8)",66048,0.0006315403901515151,31.672510914466034,DRAM_BW
770,27,16,"(1024, 1025)","(2, 16)",66048,0.0006315403901515151,31.672510914466034,DRAM_BW
771,27,16,"(1024, 1025)","(2, 32)",66048,0.0006315403901515151,31.672510914466034,DRAM_BW
772,27,16,"(1024, 1025)","(2, 64)",66048,0.0006315403901515151,31.672510914466034,DRAM_BW
773,27,16,"(1024, 1025)","(2, 128)",66048,0.0006315403901515151,31.672510914466034,DRAM_BW
774,27,16,"(1024, 1025)","(4, 2)",131328,0.0006625512992424242,30.190069694031642,DRAM_BW
775,27,16,"(1024, 1025)","(4, 4)",65792,0.0006311622083333333,31.691488552236276,DRAM_BW
776,27,16,"(1024, 1025)","(4, 8)",65792,0.0006311622083333333,31.691488552236276,DRAM_BW
777,27,16,"(1024, 1025)","(4, 16)",65792,0.0006311622083333333,31.691488552236276,DRAM_BW
778,27,16,"(1024, 1025)","(4, 32)",65792,0.0006311622083333333,31.691488552236276,DRAM_BW
779,27,16,"(1024, 1025)","(4, 64)",65792,0.0006311622083333333,31.691488552236276,DRAM_BW
780,27,16,"(1024, 1025)","(8, 1)",131200,0.0006625512992424242,30.190069694031642,DRAM_BW
781,27,16,"(1024, 1025)","(8, 2)",65664,0.0006315403901515151,31.672510914466034,DRAM_BW
782,27,16,"(1024, 1025)","(8, 4)",65664,0.0006315403901515151,31.672510914466034,DRAM_BW
783,27,16,"(1024, 1025)","(8, 8)",65664,0.0006315403901515151,31.672510914466034,DRAM_BW
784,27,16,"(1024, 1025)","(8, 16)",65664,0.0006315403901515151,31.672510914466034,DRAM_BW
785,27,16,"(1024, 1025)","(8, 32)",65664,0.0006315403901515151,31.672510914466034,DRAM_BW
786,27,16,"(1024, 1025)","(16, 1)",65600,0.0006315403901515151,31.672510914466034,DRAM_BW
787,27,16,"(1024, 1025)","(16, 2)",65600,0.0006315403901515151,31.672510914466034,DRAM_BW
788,27,16,"(1024, 1025)","(16, 4)",65600,0.0006315403901515151,31.672510914466034,DRAM_BW
789,27,16,"(1024, 1025)","(16, 8)",65600,0.0006315403901515151,31.672510914466034,DRAM_BW
790,27,16,"(1024, 1025)","(16, 16)",65600,0.0006315403901515151,31.672510914466034,DRAM_BW
791,27,16,"(1024, 1025)","(32, 1)",65600,0.0006315403901515151,31.672510914466034,DRAM_BW
792,27,16,"(1024, 1025)","(32, 2)",65600,0.0006315403901515151,31.672510914466034,DRAM_BW
793,27,16,"(1024, 1025)","(32, 4)",65600,0.0006315403901515151,31.672510914466034,DRAM_BW
794,27,16,"(1024, 1025)","(32, 8)",65600,0.0006315403901515151,31.672510914466034,DRAM_BW
795,27,16,"(1024, 1025)","(64, 1)",65600,0.0006315403901515151,31.672510914466034,DRAM_BW
796,27,16,"(1024, 1025)","(64, 2)",65600,0.0006315403901515151,31.672510914466034,DRAM_BW
797,27,16,"(1024, 1025)","(64, 4)",65600,0.0006315403901515151,31.672510914466034,DRAM_BW
798,27,16,"(1024, 1025)","(128, 1)",65600,0.0006315403901515151,31.672510914466034,DRAM_BW
799,27,16,"(1024, 1025)","(128, 2)",65600,0.0006315403901515151,31.672510914466034,DRAM_BW
800,27,16,"(1024, 1025)","(256, 1)",65600,0.0006315403901515151,31.672510914466034,DRAM_BW
801,27,32,"(1024,)","(8,)",128,0.0013155945454545455,15.204129546682662,Compute
802,27,32,"(1024, 1025)","(1, 8)",132096,0.001051835272727273,19.01673239017378,Compute
803,27,32,"(1024,)","(16,)",64,0.0011110749356060608,18.002809044638564,"Latencies, DRAM_BW"
804,27,32,"(1024, 1025)","(1, 16)",66560,0.0006315403901515151,31.672510914466034,DRAM_BW
805,27,32,"(1024,)","(32,)",32,0.0011080494810606061,18.051964503294542,"Latencies, DRAM_BW"
806,27,32,"(1024, 1025)","(1, 32)",33792,0.0005910749356060605,33.840835899242464,DRAM_BW
807,27,32,"(1024,)","(64,)",32,0.0011080494810606061,18.051964503294542,"Latencies, DRAM_BW"
808,27,32,"(1024, 1025)","(1, 64)",33792,0.0005910749356060605,33.840835899242464,DRAM_BW
809,27,32,"(1024,)","(128,)",32,0.0011080494810606061,18.051964503294542,"Latencies, DRAM_BW"
810,27,32,"(1024, 1025)","(1, 128)",33792,0.0005910749356060605,33.840835899242464,DRAM_BW
811,27,32,"(1024,)","(256,)",32,0.0011080494810606061,18.051964503294542,"Latencies, DRAM_BW"
812,27,32,"(1024, 1025)","(1, 256)",33792,0.0005910749356060605,33.840835899242464,DRAM_BW
813,27,32,"(1024, 1025)","(2, 4)",131584,0.001048681963636364,19.073914297753635,Compute
814,27,32,"(1024, 1025)","(2, 8)",66048,0.0006315403901515151,31.672510914466034,DRAM_BW
815,27,32,"(1024, 1025)","(2, 16)",33280,0.0005914531174242423,33.819197685710165,DRAM_BW
816,27,32,"(1024, 1025)","(2, 32)",33280,0.0005914531174242423,33.819197685710165,DRAM_BW
817,27,32,"(1024, 1025)","(2, 64)",33280,0.0005914531174242423,33.819197685710165,DRAM_BW
818,27,32,"(1024, 1025)","(2, 128)",33280,0.0005914531174242423,33.819197685710165,DRAM_BW
819,27,32,"(1024, 1025)","(4, 2)",131328,0.001048681963636364,19.073914297753635,Compute
820,27,32,"(1024, 1025)","(4, 4)",65792,0.0006311622083333333,31.691488552236276,DRAM_BW
821,27,32,"(1024, 1025)","(4, 8)",33024,0.0005910749356060605,33.840835899242464,DRAM_BW
822,27,32,"(1024, 1025)","(4, 16)",33024,0.0005910749356060605,33.840835899242464,DRAM_BW
823,27,32,"(1024, 1025)","(4, 32)",33024,0.0005910749356060605,33.840835899242464,DRAM_BW
824,27,32,"(1024, 1025)","(4, 64)",33024,0.0005910749356060605,33.840835899242464,DRAM_BW
825,27,32,"(1024, 1025)","(8, 1)",131200,0.0010455286545454547,19.131441126016874,Compute
826,27,32,"(1024, 1025)","(8, 2)",65664,0.0006315403901515151,31.672510914466034,DRAM_BW
827,27,32,"(1024, 1025)","(8, 4)",32896,0.0005910749356060605,33.840835899242464,DRAM_BW
828,27,32,"(1024, 1025)","(8, 8)",32896,0.0005910749356060605,33.840835899242464,DRAM_BW
829,27,32,"(1024, 1025)","(8, 16)",32896,0.0005910749356060605,33.840835899242464,DRAM_BW
830,27,32,"(1024, 1025)","(8, 32)",32896,0.0005910749356060605,33.840835899242464,DRAM_BW
831,27,32,"(1024, 1025)","(16, 1)",65600,0.0006315403901515151,31.672510914466034,DRAM_BW
832,27,32,"(1024, 1025)","(16, 2)",32832,0.0005914531174242423,33.819197685710165,DRAM_BW
833,27,32,"(1024, 1025)","(16, 4)",32832,0.0005914531174242423,33.819197685710165,DRAM_BW
834,27,32,"(1024, 1025)","(16, 8)",32832,0.0005914531174242423,33.819197685710165,DRAM_BW
835,27,32,"(1024, 1025)","(16, 16)",32832,0.0005914531174242423,33.819197685710165,DRAM_BW
836,27,32,"(1024, 1025)","(32, 1)",32800,0.0005914531174242423,33.819197685710165,DRAM_BW
837,27,32,"(1024, 1025)","(32, 2)",32800,0.0005914531174242423,33.819197685710165,DRAM_BW
838,27,32,"(1024, 1025)","(32, 4)",32800,0.0005914531174242423,33.819197685710165,DRAM_BW
839,27,32,"(1024, 1025)","(32, 8)",32800,0.0005914531174242423,33.819197685710165,DRAM_BW
840,27,32,"(1024, 1025)","(64, 1)",32800,0.0005914531174242423,33.819197685710165,DRAM_BW
841,27,32,"(1024, 1025)","(64, 2)",32800,0.0005914531174242423,33.819197685710165,DRAM_BW
842,27,32,"(1024, 1025)","(64, 4)",32800,0.0005914531174242423,33.819197685710165,DRAM_BW
843,27,32,"(1024, 1025)","(128, 1)",32800,0.0005914531174242423,33.819197685710165,DRAM_BW
844,27,32,"(1024, 1025)","(128, 2)",32800,0.0005914531174242423,33.819197685710165,DRAM_BW
845,27,32,"(1024, 1025)","(256, 1)",32800,0.0005914531174242423,33.819197685710165,DRAM_BW
846,7,8,"(1025,)","(8,)",129,0.011168420390151517,1.7909846872919004,"Launch_Tax, DRAM_BW"
847,7,8,"(1025,)","(16,)",129,0.011168420390151517,1.7909846872919004,"Launch_Tax, DRAM_BW"
848,7,8,"(1025,)","(32,)",129,0.011168420390151517,1.7909846872919004,"Launch_Tax, DRAM_BW"
849,7,8,"(1025,)","(64,)",129,0.011168420390151517,1.7909846872919004,"Launch_Tax, DRAM_BW"
850,7,8,"(1025,)","(128,)",129,0.011168420390151517,1.7909846872919004,"Launch_Tax, DRAM_BW"
851,7,8,"(1025,)","(256,)",129,0.011168420390151517,1.7909846872919004,"Launch_Tax, DRAM_BW"
852,7,16,"(1025,)","(8,)",129,0.011313818836363638,1.7679680211698503,"Launch_Tax, Compute"
853,7,16,"(1025,)","(16,)",65,0.011555678571969699,1.7309645448705588,"Launch_Tax, Latencies, DRAM_BW"
854,7,16,"(1025,)","(32,)",65,0.011555678571969699,1.7309645448705588,"Launch_Tax, Latencies, DRAM_BW"
855,7,16,"(1025,)","(64,)",65,0.011555678571969699,1.7309645448705588,"Launch_Tax, Latencies, DRAM_BW"
856,7,16,"(1025,)","(128,)",65,0.011555678571969699,1.7309645448705588,"Launch_Tax, Latencies, DRAM_BW"
857,7,16,"(1025,)","(256,)",65,0.011555678571969699,1.7309645448705588,"Launch_Tax, Latencies, DRAM_BW"
858,7,32,"(1025,)","(8,)",129,0.012000159490909093,1.6668503377103598,"Launch_Tax, Compute"
859,7,32,"(1025,)","(16,)",65,0.011929857236363637,1.6766730316797145,"Launch_Tax, Compute"
860,7,32,"(1025,)","(32,)",33,0.011555678571969699,1.7309645448705588,"Launch_Tax, Latencies, DRAM_BW"
861,7,32,"(1025,)","(64,)",33,0.011555678571969699,1.7309645448705588,"Launch_Tax, Latencies, DRAM_BW"
862,7,32,"(1025,)","(128,)",33,0.011555678571969699,1.7309645448705588,"Launch_Tax, Latencies, DRAM_BW"
863,7,32,"(1025,)","(256,)",33,0.011555678571969699,1.7309645448705588,"Launch_Tax, Latencies, DRAM_BW"
864,7,8,"(1025,)","(8,)",129,0.011168420390151517,1.7909846872919004,"Launch_Tax, DRAM_BW"
865,7,8,"(1025,)","(16,)",129,0.011168420390151517,1.7909846872919004,"Launch_Tax, DRAM_BW"
866,7,8,"(1025,)","(32,)",129,0.011168420390151517,1.7909846872919004,"Launch_Tax, DRAM_BW"
867,7,8,"(1025,)","(64,)",129,0.011168420390151517,1.7909846872919004,"Launch_Tax, DRAM_BW"
868,7,8,"(1025,)","(128,)",129,0.011168420390151517,1.7909846872919004,"Launch_Tax, DRAM_BW"
869,7,8,"(1025,)","(256,)",129,0.011168420390151517,1.7909846872919004,"Launch_Tax, DRAM_BW"
870,7,16,"(1025,)","(8,)",129,0.011313818836363638,1.7679680211698503,"Launch_Tax, Compute"
871,7,16,"(1025,)","(16,)",65,0.011555678571969699,1.7309645448705588,"Launch_Tax, Latencies, DRAM_BW"
872,7,16,"(1025,)","(32,)",65,0.011555678571969699,1.7309645448705588,"Launch_Tax, Latencies, DRAM_BW"
873,7,16,"(1025,)","(64,)",65,0.011555678571969699,1.7309645448705588,"Launch_Tax, Latencies, DRAM_BW"
874,7,16,"(1025,)","(128,)",65,0.011555678571969699,1.7309645448705588,"Launch_Tax, Latencies, DRAM_BW"
875,7,16,"(1025,)","(256,)",65,0.011555678571969699,1.7309645448705588,"Launch_Tax, Latencies, DRAM_BW"
876,7,32,"(1025,)","(8,)",129,0.012000159490909093,1.6668503377103598,"Launch_Tax, Compute"
877,7,32,"(1025,)","(16,)",65,0.011929857236363637,1.6766730316797145,"Launch_Tax, Compute"
878,7,32,"(1025,)","(32,)",33,0.011555678571969699,1.7309645448705588,"Launch_Tax, Latencies, DRAM_BW"
879,7,32,"(1025,)","(64,)",33,0.011555678571969699,1.7309645448705588,"Launch_Tax, Latencies, DRAM_BW"
880,7,32,"(1025,)","(128,)",33,0.011555678571969699,1.7309645448705588,"Launch_Tax, Latencies, DRAM_BW"
881,7,32,"(1025,)","(256,)",33,0.011555678571969699,1.7309645448705588,"Launch_Tax, Latencies, DRAM_BW"
